id	household_id	contact_id	contact_type	contact_household
ZQkqWaiH	cf801e5f	UQfjwKik	1	36e9c40a
KFzTdmtd	24709fe2	UQfjwKik	1	36e9c40a
bEfjcgPO	fe1c9e51	UQfjwKik	1	36e9c40a
UvYhtpxx	89fcc5db	UQfjwKik	2	36e9c40a
QevmmhHZ	89fcc5db	UQfjwKik	1	36e9c40a
AKuMXrjY	94e89633	UQfjwKik	1	36e9c40a
dfsEbgwo	951704cd	UQfjwKik	2	36e9c40a
HqVLKvmO	8fbc468a	UQfjwKik	1	36e9c40a
nbcshCCy	2a5d07eb	UQfjwKik	2	36e9c40a
czsQZVbD	73dd58db	UQfjwKik	2	36e9c40a
POqESsyu	2a5d07eb	UQfjwKik	1	36e9c40a
XNchitvS	57087f2b	UQfjwKik	1	36e9c40a
AJkmxltP	89fcc5db	UQfjwKik	2	36e9c40a
LelRTMuF	b7e824a1	UQfjwKik	1	36e9c40a
vsQJeWzH	2a7bf7ab	UQfjwKik	1	36e9c40a
AajKjFXz	fb7ebf7b	UQfjwKik	1	36e9c40a
PCFavNXj	e026ffcd	UQfjwKik	1	36e9c40a
DwWRrIkY	ac555d3d	UQfjwKik	1	36e9c40a
vGqYEpId	533a42a4	UQfjwKik	1	36e9c40a
lBCVqemS	36e9c40a	UQfjwKik	1	36e9c40a
AHoMYUSW	477a8f82	UQfjwKik	1	36e9c40a
qDPVxBQS	8a4a5bdc	UQfjwKik	1	36e9c40a
cyzjaqzF	9918828b	UQfjwKik	1	36e9c40a
EGaZNSCz	88638a3c	UQfjwKik	1	36e9c40a
IFHveZwc	c58baa79	UQfjwKik	2	36e9c40a
zYhzAZtA	98ac4531	UQfjwKik	1	36e9c40a
dbAZptOh	19a999ff	UQfjwKik	3	36e9c40a
NbpzoveL	88ef4be6	UQfjwKik	1	36e9c40a
nHaRFVRQ	45103bb5	UQfjwKik	1	36e9c40a
yFDkscEo	f1bf0dfc	UQfjwKik	1	36e9c40a
eihBFKxe	67eb1fe4	UQfjwKik	1	36e9c40a
uIuJOCIt	8cec3177	UQfjwKik	1	36e9c40a
rlNZESyg	13e3e8a4	NbpzoveL	1	88ef4be6
XIeyzJcT	13e3e8a4	NbpzoveL	1	88ef4be6
UQfjwKik	36e9c40a	NbpzoveL	1	88ef4be6
dLqBgWSo	6e4d444d	nHaRFVRQ	2	45103bb5
XElwBFUH	9c1e72d0	nHaRFVRQ	1	45103bb5
AKvRStyy	6e4d444d	nHaRFVRQ	2	45103bb5
DYwGsbLW	6e4d444d	nHaRFVRQ	1	45103bb5
mWPhJIiS	45103bb5	nHaRFVRQ	1	45103bb5
yWIwcAQo	e8398abc	nHaRFVRQ	1	45103bb5
HJuaJdcu	6a1ab6a8	nHaRFVRQ	1	45103bb5
GVNkMxnr	6ac77d18	nHaRFVRQ	2	45103bb5
nzDMcaCj	120ff272	nHaRFVRQ	1	45103bb5
HxzyOHKp	c7373b56	nHaRFVRQ	1	45103bb5
LKrZwpOq	45103bb5	nHaRFVRQ	1	45103bb5
JIIoYHyp	d930149c	nHaRFVRQ	1	45103bb5
YvjYhBSZ	6a9ac630	nHaRFVRQ	3	45103bb5
qkDkUiGP	4abcddfb	nHaRFVRQ	1	45103bb5
tVYABtQM	9c6355e6	MnsDbjah	3	9c6355e6
QQHxMBCw	04c87268	FIcBSxhc	3	04c87268
XrIehotv	04c87268	FIcBSxhc	3	04c87268
bEbZNqmd	04c87268	FIcBSxhc	3	04c87268
JcXTRMui	88638a3c	EGaZNSCz	3	88638a3c
ZXxlZXrt	88638a3c	EGaZNSCz	3	88638a3c
LVCafHJK	11d91c27	yFQHmYFr	3	11d91c27
xqVJNMmC	11d91c27	yFQHmYFr	3	11d91c27
wBADdQRA	c13c79ed	pttlyaZc	1	56353b84
opGTUpxs	fe230286	pttlyaZc	3	56353b84
gGfbtmTp	fe230286	pttlyaZc	1	56353b84
BrVjJNle	6b780b1e	pttlyaZc	3	56353b84
ePtaMowv	fe230286	pttlyaZc	1	56353b84
pttlyaZc	56353b84	gGfbtmTp	1	fe230286
IynNMBZO	e5997708	aqEhvoyA	3	e5997708
wDecUpdP	e5997708	aqEhvoyA	3	e5997708
bopLYQcy	bb749a56	OxWNSuPL	3	1b028f11
HSoectoX	bb749a56	OxWNSuPL	3	1b028f11
YuVnwnhw	bb749a56	OxWNSuPL	3	1b028f11
MDJmXlxx	1b028f11	OxWNSuPL	3	1b028f11
YPrJORnD	86f13d0e	YETUlovd	3	86f13d0e
XspMWvwA	86f13d0e	YETUlovd	3	86f13d0e
zVOcHfvV	86f13d0e	YETUlovd	3	86f13d0e
YETUlovd	86f13d0e	XspMWvwA	3	86f13d0e
sCNyVniD	0434b926	IrrnCJVN	3	0434b926
vioUCFzo	0434b926	IrrnCJVN	3	0434b926
nvHDftZM	ad2067da	PuxbIAJT	3	ad2067da
shRGqSZM	b21aeb06	PuxbIAJT	3	ad2067da
CTpnNFkq	e1cfce33	PuxbIAJT	3	ad2067da
nSIoVkpW	ad2067da	PuxbIAJT	3	ad2067da
QLfDTkJo	ad2067da	PuxbIAJT	3	ad2067da
CDKdBamE	f430b506	LytMaZkB	3	f430b506
YzXbrhuJ	f430b506	LytMaZkB	3	f430b506
LytMaZkB	f430b506	YzXbrhuJ	3	f430b506
sUxTIMxE	00168c28	wNHAlivi	3	00168c28
oVjgBoEz	00168c28	wNHAlivi	3	00168c28
SofHVCsW	00168c28	wNHAlivi	3	00168c28
IiZhozSd	3df65fcb	VxNbaSiK	3	3df65fcb
VxNbaSiK	3df65fcb	IiZhozSd	3	3df65fcb
nsjjIplw	b43ff480	zbzdjmyX	3	b43ff480
AfTmnNNj	b43ff480	zbzdjmyX	3	b43ff480
sgStgHAa	b43ff480	zbzdjmyX	3	b43ff480
RiCtwxnr	8675196d	LubQgHxN	3	8675196d
CuglAHUl	8675196d	LubQgHxN	3	8675196d
LubQgHxN	8675196d	CuglAHUl	3	8675196d
EfZNPYyW	62bf9098	MZTwbQOo	3	62bf9098
FxZZNlJK	6d362389	MZTwbQOo	1	62bf9098
wyZvVkCl	f6ea221b	gEcKwzyS	3	e1cfce33
sWQDmOzv	285b80da	e025f868	3	out_of_vo
gEcKwzyS	e1cfce33	e025f868	3	out_of_vo
PuxbIAJT	ad2067da	e025f868	3	out_of_vo
LNKXVDbK	cbf55049	FuOFAEpd	3	cbf55049
MYnArvAG	cbf55049	FuOFAEpd	3	cbf55049
MEdhErqW	cbf55049	FuOFAEpd	3	cbf55049
SmAfpsuD	cbf55049	FuOFAEpd	3	cbf55049
rlVxpkmC	247c74cf	shRGqSZM	1	b21aeb06
kAYUcJsu	d68e02e4	shRGqSZM	1	b21aeb06
DcOyLFJt	d68e02e4	shRGqSZM	1	b21aeb06
UfUEXkuE	d68e02e4	shRGqSZM	1	b21aeb06
PZWXwlQr	cfdf18a8	shRGqSZM	1	b21aeb06
CycKgcGf	0476cd5b	shRGqSZM	1	b21aeb06
gmMfpihD	f6ea221b	shRGqSZM	1	b21aeb06
hNYnEtRr	4c54830c	tJnlxclU	3	4c54830c
OuXotVDR	a6e82774	tJnlxclU	3	4c54830c
iWAczBfI	4c54830c	tJnlxclU	3	4c54830c
cPqWMIXC	0153db3e	KapcIeXT	1	0153db3e
BpLQQfMc	e7221d17	KapcIeXT	1	0153db3e
uKJLoOVO	e1b59269	KapcIeXT	1	0153db3e
wzZhfZAR	1de125c7	a7b95c7b	3	out_of_vo
PHACWlSI	ea59a2f6	VJFQDAXb	1	9faaafa8
WCvuHKue	90ecfbfc	GKihAIEr	3	90ecfbfc
YyZTftdz	9d3d346f	AhRVXqSs	3	9d3d346f
vEcBLTqg	6b780b1e	BrVjJNle	3	6b780b1e
OxWNSuPL	1b028f11	BrVjJNle	3	6b780b1e
iQnzZFDc	6b780b1e	BrVjJNle	3	6b780b1e
RiyhjoVX	2a5d07eb	nbcshCCy	3	2a5d07eb
bsAJIeVg	2a5d07eb	nbcshCCy	1	2a5d07eb
WIgZfHae	3fb6adea	KBRZfbyr	3	3fb6adea
GoOSeTfi	72d10020	CPahVtES	3	72d10020
orCLjibX	23d63ee1	eoaetuws	3	23d63ee1
MTBuFXBX	23d63ee1	eoaetuws	3	23d63ee1
UutgbNfK	89fcc5db	7453f18e	3	out_of_vo
XpExLVjc	47004a77	VtxKAKHP	1	1d092655
VTbJzYmT	1d092655	VtxKAKHP	3	1d092655
AKjPsERT	3a3adeaf	VtxKAKHP	1	1d092655
fzUTLxQF	498b19db	VtxKAKHP	1	1d092655
ADbiAZze	1d092655	VtxKAKHP	3	1d092655
lUGMsWZj	3d4557d8	WjIvgLpY	3	6a9ac630
ooHafaUW	3d4557d8	WjIvgLpY	3	6a9ac630
SLJwyWen	6a9ac630	WjIvgLpY	3	6a9ac630
cZjinDfw	6a9ac630	WjIvgLpY	3	6a9ac630
CsSFmxEM	3d4557d8	WjIvgLpY	3	6a9ac630
gLveIjFb	909d3fd6	YvjYhBSZ	2	6a9ac630
WjIvgLpY	6a9ac630	YvjYhBSZ	1	6a9ac630
zAZWTmOi	4f05309a	a85b1f6a	3	out_of_vo
KqPdUONx	c2a7fd07	DpCgSMSt	3	c2a7fd07
uhaqSrJj	6d362389	hswRareX	3	28d79eed
kBnjzTDk	6d362389	hswRareX	3	28d79eed
cbyQPPfZ	33be9f11	hswRareX	3	28d79eed
xbVEZXfp	33be9f11	hswRareX	3	28d79eed
VLRIycjD	6d362389	hswRareX	3	28d79eed
BgQcArOT	505641f1	hswRareX	3	28d79eed
ChOlOFXm	6c7726e7	hswRareX	3	28d79eed
xqJjSLXG	6c7726e7	hswRareX	3	28d79eed
HnAWLsVN	33be9f11	hswRareX	3	28d79eed
VADgsNdh	6c7726e7	hswRareX	3	28d79eed
XUfJDkfQ	33be9f11	hswRareX	3	28d79eed
hswRareX	28d79eed	ChOlOFXm	3	6c7726e7
BDJprlOh	5aceb5b3	114eaccc	1	out_of_vo
MZTwbQOo	62bf9098	FxZZNlJK	1	6d362389
kxWHqpvk	c85e5de4	FxZZNlJK	1	6d362389
VTBCGmWj	a10a4fad	FxZZNlJK	1	6d362389
TJBlfwDD	d31df855	FxZZNlJK	2	6d362389
qCDYYOLg	d6fe05b8	skYKdIJN	1	069f3f7c
jlNauAHf	069f3f7c	skYKdIJN	3	069f3f7c
Hjrjkhyk	9bc3de87	skYKdIJN	1	069f3f7c
oZJXIhUC	182ff31f	skYKdIJN	1	069f3f7c
uzaItlSW	069f3f7c	skYKdIJN	1	069f3f7c
yeXApJrc	069f3f7c	skYKdIJN	1	069f3f7c
AGFBxVLA	182ff31f	skYKdIJN	1	069f3f7c
skYKdIJN	069f3f7c	uzaItlSW	1	069f3f7c
OlRfbsbF	c85e5de4	kxWHqpvk	3	c85e5de4
SCscvncY	c85e5de4	kxWHqpvk	3	c85e5de4
VJVrcuFp	c85e5de4	kxWHqpvk	1	c85e5de4
yOpljEqa	d930149c	JIIoYHyp	3	d930149c
VMBuHbVu	43ea6797	027c2946	1	out_of_vo
YyUsnbtY	8dcfb208	oItKJIdl	3	8dcfb208
kZhdmCNA	8dcfb208	oItKJIdl	3	8dcfb208
WDmgERJE	1cd743a9	iBSSsRbf	1	1cd743a9
CgBzJiiq	16dc02a1	iBSSsRbf	1	1cd743a9
iBSSsRbf	1cd743a9	WDmgERJE	1	1cd743a9
fTgtxGXW	ff7fdfa3	iJJGIsWt	3	ff7fdfa3
iJJGIsWt	ff7fdfa3	fTgtxGXW	3	ff7fdfa3
HJAgTOIK	7040b16e	afd714f0	1	out_of_vo
ofRHcMpM	e255b6bb	afd714f0	3	out_of_vo
QBjWtDXu	b66c5fe9	1fe67806	3	out_of_vo
AymeCSEw	a7041891	OAWeibNq	3	5dbd3441
ZoTtvUEp	5dbd3441	OAWeibNq	3	5dbd3441
rTlcsqJN	5dbd3441	OAWeibNq	3	5dbd3441
XVqfiSOz	a6e82774	0db03881_place	2	location_in_vo
jwjrSUdE	c058f3e8	0db03881_place	1	location_in_vo
KTYrGjZu	91a3ed43	0db03881_place	1	location_in_vo
tPGNAqJr	f2b7a315	0db03881_place	1	location_in_vo
vUxUwjuN	28b324b1	0db03881_place	1	location_in_vo
eaXByzgW	5d5191de	0db03881_place	1	location_in_vo
oETYjoqE	b8124db4	0db03881_place	1	location_in_vo
jJbpQjoN	8390ab8d	0db03881_place	2	location_in_vo
jcfQIsJe	6e547f0a	0db03881_place	1	location_in_vo
DCypBcAo	dbffa707	0db03881_place	2	location_in_vo
UvFQbDsV	e78ce234	0db03881_place	1	location_in_vo
FOeHZSVO	1a20b645	0db03881_place	1	location_in_vo
hzawJZgK	2e166643	0db03881_place	1	location_in_vo
ABBducKp	0d95be0d	0db03881_place	2	location_in_vo
kdZKJrud	81606c73	0db03881_place	1	location_in_vo
FJNOAvrT	fd921222	0db03881_place	1	location_in_vo
jKbMNpVN	2b327a0c	0db03881_place	1	location_in_vo
IifHGajN	681621dd	0db03881_place	1	location_in_vo
TqecNkGh	1b4d708f	0db03881_place	1	location_in_vo
FLzUGxri	c30a07ff	0db03881_place	1	location_in_vo
rxqMUzQH	05d8286d	0db03881_place	1	location_in_vo
HdDvOBXb	a4583801	0db03881_place	1	location_in_vo
JUFbNzBi	617245c9	0db03881_place	1	location_in_vo
jCGxyXHw	429f04c6	0db03881_place	1	location_in_vo
zmtxrmHn	40ac6f5b	0db03881_place	1	location_in_vo
xYZDiIcQ	403fae3d	0db03881_place	1	location_in_vo
KrmCvIPo	ceb986da	0db03881_place	1	location_in_vo
BLMiFGtX	b4b08afd	0db03881_place	1	location_in_vo
cMvqvmMw	aca411fd	0db03881_place	1	location_in_vo
viBJIcfH	47ace10a	0db03881_place	1	location_in_vo
VPftJBLz	5c1b0ab7	0db03881_place	2	location_in_vo
sNATTAvg	5c1b0ab7	0db03881_place	1	location_in_vo
wKpdcNeq	cfab4842	0db03881_place	1	location_in_vo
ZHlhIitp	e026ffcd	0db03881_place	2	location_in_vo
OtxFOzgC	57087f2b	0db03881_place	2	location_in_vo
oAnaHhDx	abe6cf16	0db03881_place	1	location_in_vo
hAjGKZmF	c0114693	0db03881_place	1	location_in_vo
DVstAuCq	08a6c99e	0db03881_place	1	location_in_vo
yFQHmYFr	11d91c27	0db03881_place	1	location_in_vo
TJjRRxla	ac5a6063	0db03881_place	1	location_in_vo
DKPUSAPb	f6faf4c3	0db03881_place	1	location_in_vo
KzGJpMsV	d5e7b925	0db03881_place	1	location_in_vo
lwDMkRFw	75cd5661	0db03881_place	1	location_in_vo
mClsClQl	ac555d3d	0db03881_place	2	location_in_vo
tABOEydz	e409573e	0db03881_place	1	location_in_vo
gxJhRnSB	2dc29233	0db03881_place	1	location_in_vo
amQZzEKt	040592a7	0db03881_place	1	location_in_vo
BpdZDZyT	fffdaa1f	0db03881_place	1	location_in_vo
lqfnAjlt	4cb78a29	0db03881_place	1	location_in_vo
yXsBtwyT	70c815ed	0db03881_place	2	location_in_vo
POVLlKiE	f9877962	0db03881_place	1	location_in_vo
RHkhlfXW	c30a07ff	0db03881_place	2	location_in_vo
TFUHfnts	2f5f7ad1	0db03881_place	1	location_in_vo
GYyQMOqu	f1a30660	0db03881_place	1	location_in_vo
vxumgrzp	3f9a9dfc	0db03881_place	1	location_in_vo
NiaYzrbo	3864f6ce	0db03881_place	1	location_in_vo
LTHYEBEY	7d6a29dc	0db03881_place	1	location_in_vo
bXlhkPJz	dbffa707	0db03881_place	2	location_in_vo
WPKILHyP	b262ca0f	0db03881_place	1	location_in_vo
OSYhKNMl	fe230286	0db03881_place	1	location_in_vo
RbDVPoRd	7ab0f41d	0db03881_place	1	location_in_vo
SjavqWHm	47a40370	0db03881_place	1	location_in_vo
qwSYctCz	f2b7a315	0db03881_place	1	location_in_vo
yVzTRrma	e117f8d5	0db03881_place	1	location_in_vo
hnkgRNXn	fd374270	0db03881_place	1	location_in_vo
AwKEKatP	331f0a87	0db03881_place	1	location_in_vo
USKVBtar	cc9a12e2	0db03881_place	1	location_in_vo
LkypTVah	aa13d5c0	0db03881_place	2	location_in_vo
meErmFYz	da3c5a0b	0db03881_place	1	location_in_vo
wJTYKqJQ	4c858c44	0db03881_place	1	location_in_vo
SdoSenxQ	3bb44e6e	0db03881_place	1	location_in_vo
oWAchpLZ	71247dcf	0db03881_place	1	location_in_vo
vBUGSaTO	0902fb60	0db03881_place	1	location_in_vo
PekhMvLK	74399743	0db03881_place	2	location_in_vo
qEHCnoPe	4503e8a0	0db03881_place	1	location_in_vo
bLylOgOW	f360a1f2	0db03881_place	1	location_in_vo
eVJdUmtK	49faa8c9	0db03881_place	1	location_in_vo
SAVzvGgt	cfab4842	0db03881_place	2	location_in_vo
kHNQYEOe	0e6427ad	0db03881_place	1	location_in_vo
pDSxQwEy	1a20b645	0db03881_place	1	location_in_vo
GqvFKqEF	7b78f937	0db03881_place	1	location_in_vo
XqwWcLND	247c74cf	0db03881_place	1	location_in_vo
ueHuqJIj	247c74cf	0db03881_place	1	location_in_vo
TsxsdXZN	673f9c49	0db03881_place	1	location_in_vo
FoGuKrSj	63a3660f	0db03881_place	1	location_in_vo
gIbXtaHO	cbcd89ba	0db03881_place	1	location_in_vo
wZasdwwl	68d01dce	0db03881_place	1	location_in_vo
LXiARoon	2ac13fac	0db03881_place	2	location_in_vo
ZbLlNtJS	cb341e7e	0db03881_place	1	location_in_vo
HqTlDKtq	25861d75	0db03881_place	1	location_in_vo
VyufowZZ	b42c6019	0db03881_place	1	location_in_vo
mtlgNruy	aac44f6b	0db03881_place	1	location_in_vo
pSCexJjK	aac44f6b	0db03881_place	1	location_in_vo
KBRZfbyr	3fb6adea	0db03881_place	1	location_in_vo
rPttJYaV	6f73afb2	0db03881_place	1	location_in_vo
ocIHAPYX	47b6e155	0db03881_place	1	location_in_vo
diXJSBUl	4594444e	0db03881_place	1	location_in_vo
XSIATOnq	57087f2b	0db03881_place	2	location_in_vo
NfsAUXrW	3b432a45	0db03881_place	2	location_in_vo
bTNiTPXd	f1bf0dfc	0db03881_place	1	location_in_vo
kySJQQAv	14a42b1f	0db03881_place	1	location_in_vo
EJswtAgI	f70441fa	0db03881_place	1	location_in_vo
AmMpULAd	83106359	0db03881_place	1	location_in_vo
UoPrBEkz	858c5b7e	0db03881_place	1	location_in_vo
EUjiLvHI	6713801a	0db03881_place	1	location_in_vo
PeGsQSkI	dbc70583	0db03881_place	1	location_in_vo
dgINwYWu	e7106745	0db03881_place	1	location_in_vo
pFqmFbyF	e7106745	0db03881_place	1	location_in_vo
AQtavzQA	cc868e90	297bbbdc_place	1	location_in_vo
CwrfCOnv	9ff79e25	297bbbdc_place	1	location_in_vo
XNTBjKfg	897f19e8	297bbbdc_place	1	location_in_vo
SMXdonQk	f40681e8	297bbbdc_place	1	location_in_vo
tmPNtDzn	30f39a34	297bbbdc_place	2	location_in_vo
VwyPDqmv	8a2347eb	297bbbdc_place	1	location_in_vo
tJjzeGyv	bc326530	297bbbdc_place	2	location_in_vo
dwgvBHIL	d31df855	297bbbdc_place	1	location_in_vo
NFbazjUu	24709fe2	297bbbdc_place	1	location_in_vo
dvkdxEzm	b29efe3b	db2cfcea_place	1	location_in_vo
YTCMZnqD	2e5fbf99	db2cfcea_place	1	location_in_vo
hPwigdJb	d0cdcc33	db2cfcea_place	1	location_in_vo
mPFAwFGl	1d2df4ce	db2cfcea_place	1	location_in_vo
mOmisVNQ	6fdeaf6f	db2cfcea_place	2	location_in_vo
ABptQQJK	c9aa95f8	db2cfcea_place	1	location_in_vo
bEuasPGb	858c5b7e	db2cfcea_place	1	location_in_vo
NTdvKuxi	0ccb6352	vujwNRwK	4	0ccb6352
vujwNRwK	0ccb6352	JaQlelYo	4	0ccb6352
JaQlelYo	0ccb6352	hunCTezf	4	0ccb6352
lzTowLhG	6e10a063	NUATtRZf	4	6e10a063
NUATtRZf	6e10a063	oRQudPWI	4	6e10a063
ZJripFlV	66a74806	wPqEtIUS	4	66a74806
qhocbpBY	a59c396d	GyRxdzpq	4	a59c396d
mkYsWMDF	40a9acd9	YCsChOvk	4	40a9acd9
QaiVvPXR	e45171c2	zHIGlvVo	4	e45171c2
lRgrsUTu	4c54830c	tJnlxclU	4	4c54830c
tJnlxclU	4c54830c	iWAczBfI	4	4c54830c
SRYusUox	de680678	nKiDEJJv	4	de680678
WlUQnKkG	b255c94f	zZZJnXaK	4	b255c94f
MHMDhtop	a6e82774	XVqfiSOz	4	a6e82774
gLGYwfym	459138f6	uOfrTLxp	4	459138f6
uOfrTLxp	459138f6	BNPAITzd	4	459138f6
lXJmFsfc	85410f50	bvzOGJtG	4	85410f50
bvzOGJtG	85410f50	GIEUDdRc	4	85410f50
RXaJbDOL	fda067a8	WSUOCHCm	4	fda067a8
WSUOCHCm	fda067a8	PCvFkUSh	4	fda067a8
PCvFkUSh	fda067a8	nfwIgUAy	4	fda067a8
FwOeFrQo	65d3ea86	bzLQTVrj	4	65d3ea86
NLaNJadG	1de125c7	wpvfEMHb	4	1de125c7
wpvfEMHb	1de125c7	wzZhfZAR	4	1de125c7
hxxRNIQa	84a58264	JSjqSVzt	4	84a58264
JSjqSVzt	84a58264	INOLOImZ	4	84a58264
TgUjjcWX	31203707	zETVbHds	4	31203707
PevHVKWG	aab76bdb	rbaVSGPO	4	aab76bdb
rbaVSGPO	aab76bdb	hDWbxllY	4	aab76bdb
hDWbxllY	aab76bdb	NQimROmg	4	aab76bdb
XxnwYfZF	fd38be3e	NnzPUqES	4	fd38be3e
NnzPUqES	fd38be3e	uVJIIfTS	4	fd38be3e
kIDngIDF	964aeebc	TIPJNJYo	4	964aeebc
TIPJNJYo	964aeebc	xzfBROGC	4	964aeebc
xzfBROGC	964aeebc	LdorvTaX	4	964aeebc
BbtTCHQI	f92bafd6	sIgPXCJD	4	f92bafd6
sIgPXCJD	f92bafd6	sBymOjSx	4	f92bafd6
sBymOjSx	f92bafd6	EdVWYHek	4	f92bafd6
GLLGzRaj	fa55e441	oXKYtBPx	4	fa55e441
FGCwjEZY	02df86c7	OJPHxCMv	4	02df86c7
TzJqDUHK	bdde1e8e	eRADEARG	4	bdde1e8e
eRADEARG	bdde1e8e	vkbZLlSE	4	bdde1e8e
DUZglDVy	13e3e8a4	BYORCKtw	4	13e3e8a4
jOYITlZD	da3c5a0b	meErmFYz	4	da3c5a0b
oVzOsEuY	e3d4afe3	RVEwrtwD	4	e3d4afe3
RVEwrtwD	e3d4afe3	wKbwcPOE	4	e3d4afe3
FRrOerDk	af2aed0c	iJxuxlTo	4	af2aed0c
iJxuxlTo	af2aed0c	PBuAdDTn	4	af2aed0c
PBuAdDTn	af2aed0c	qcFGHDZn	4	af2aed0c
kYWdwLLV	760275bc	TbFpmCZv	4	760275bc
TbFpmCZv	760275bc	CPafNWTx	4	760275bc
CPafNWTx	760275bc	RKwhEbGt	4	760275bc
RsJZWdiy	6d63bcb8	kJIVyEVo	4	6d63bcb8
kJIVyEVo	6d63bcb8	bGwWVrLw	4	6d63bcb8
bGwWVrLw	6d63bcb8	ISfSisLo	4	6d63bcb8
ISfSisLo	6d63bcb8	DMtexoYj	4	6d63bcb8
MMprFyHH	e03b0f49	lSxmCyLB	4	e03b0f49
lSxmCyLB	e03b0f49	yzzkXKIX	4	e03b0f49
yzzkXKIX	e03b0f49	RIAkHvRh	4	e03b0f49
RIAkHvRh	e03b0f49	hoUgviVt	4	e03b0f49
waISiQSH	59b1f9b6	DebHtrYd	4	59b1f9b6
AwzSmpkY	ac19f77d	kRsEDAUH	4	ac19f77d
GDyXTICi	bfbd3558	MonLvtfz	4	bfbd3558
MonLvtfz	bfbd3558	bDAHBqus	4	bfbd3558
bDAHBqus	bfbd3558	aUytWagb	4	bfbd3558
ezfDIYAW	7bdaa7f6	wYsQKvCV	4	7bdaa7f6
wYsQKvCV	7bdaa7f6	MQAhTxHM	4	7bdaa7f6
MQAhTxHM	7bdaa7f6	RYrtINoW	4	7bdaa7f6
NwlIYjXx	7502933	MCplQOwH	4	7502933
nIsxeaJA	6ac77d18	RBSUSxTc	4	6ac77d18
RBSUSxTc	6ac77d18	GVNkMxnr	4	6ac77d18
tGBwPIUX	54a7524a	MKidvOBx	4	54a7524a
WasCcjii	41c278c8	QgNhZwsT	4	41c278c8
QgNhZwsT	41c278c8	roUdDtxa	4	41c278c8
roUdDtxa	41c278c8	GMTxYfGy	4	41c278c8
oItKJIdl	8dcfb208	kZhdmCNA	4	8dcfb208
AllJhcRh	6a0de298	xikIEWbp	4	6a0de298
rkSGUwpn	d9381782	ybBnHvdr	4	d9381782
TRJgUxhR	c9aa95f8	qwHmyySU	4	c9aa95f8
qwHmyySU	c9aa95f8	tkYqAzhW	4	c9aa95f8
tkYqAzhW	c9aa95f8	ABptQQJK	4	c9aa95f8
AvoTECqr	f36996cd	YNKogoOf	4	f36996cd
iGRmvkMh	502e5247	iwYfgluF	4	502e5247
OxIVNErb	1462ad8f	fVDbykcM	4	1462ad8f
fVDbykcM	1462ad8f	MUFVMsLm	4	1462ad8f
iVrmSxhB	5a008e55	kttGRyvB	4	5a008e55
kttGRyvB	5a008e55	EnoySpnw	4	5a008e55
ohrhYZTX	161381ac	KentTpDg	4	161381ac
KentTpDg	161381ac	NQuLlcxO	4	161381ac
xFwSbclV	e89a1005	aWfwMOmn	4	e89a1005
HRgCsLcH	a88e9eff	qLZANXmz	4	a88e9eff
qLZANXmz	a88e9eff	eBAIrnOJ	4	a88e9eff
eBAIrnOJ	a88e9eff	duDoqZUC	4	a88e9eff
duDoqZUC	a88e9eff	lLcjhSFi	4	a88e9eff
QrXQFDji	0e000e5b	gaXBKRco	4	0e000e5b
vPwKpLBs	91a3ed43	KTYrGjZu	4	91a3ed43
GoWWBHVn	44989fc6	QyzCuqlP	4	44989fc6
QyzCuqlP	44989fc6	ZvGquOVP	4	44989fc6
AfvkNsRe	ca2b9422	BnKzvlmY	4	ca2b9422
WClcnClP	89d548d6	FAzYgvXT	4	89d548d6
OrECScfO	4.3499999999999998E+98	gqVwPFfB	4	4.3499999999999998E+98
cGWJWLxX	11f0d68b	IFYQogYd	4	11f0d68b
IFYQogYd	11f0d68b	zAnrYmJN	4	11f0d68b
zAnrYmJN	11f0d68b	GDRJZHnp	4	11f0d68b
xRagMapS	3864f6ce	NiaYzrbo	4	3864f6ce
DXzbzKQa	3864f6ce	FccuPLgq	4	3864f6ce
wvMlScmq	207b2d66	crWGxhSj	4	207b2d66
crWGxhSj	207b2d66	SdPhyoGQ	4	207b2d66
tBLTPlkv	0716882d	qKsbTwss	4	0716882d
wGMZYWCh	3df79982	oAivNriA	4	3df79982
oAivNriA	3df79982	wAXOvbYd	4	3df79982
NlMMBNjB	6b9ff55f	RxyuZopj	4	6b9ff55f
RxyuZopj	6b9ff55f	QpmvOyah	4	6b9ff55f
LDDHDCbp	330f1a8e	CEiDsais	4	330f1a8e
kDAWIlku	812b882d	kCmiqIVI	4	812b882d
XVinvqEJ	2fce74c6	OGWkRkrt	4	2fce74c6
hteNtJZA	8700122e	IeOufEVG	4	8700122e
IeOufEVG	8700122e	jstKfnzp	4	8700122e
SWGgPMSu	cadfcb0c	KHcAhkHk	4	cadfcb0c
zmzcWyHD	a8d200b2	BfkpHIzU	4	a8d200b2
BfkpHIzU	a8d200b2	JYcRzbGW	4	a8d200b2
JYcRzbGW	a8d200b2	gKGohOJN	4	a8d200b2
gKGohOJN	a8d200b2	HbBMBwoW	4	a8d200b2
bjTxGCae	e91fc92f	ytyYDtKb	4	e91fc92f
ytyYDtKb	e91fc92f	bOVjuPDn	4	e91fc92f
bOVjuPDn	e91fc92f	gZXtYbok	4	e91fc92f
gZXtYbok	e91fc92f	qLMVGLue	4	e91fc92f
qLMVGLue	e91fc92f	TQvCFvKr	4	e91fc92f
TQvCFvKr	e91fc92f	auiYSeGN	4	e91fc92f
auiYSeGN	e91fc92f	DoAuXuxr	4	e91fc92f
DoAuXuxr	e91fc92f	ZKguWANs	4	e91fc92f
ZKguWANs	e91fc92f	OXGZfIJd	4	e91fc92f
OXGZfIJd	e91fc92f	CAoWRlts	4	e91fc92f
CAoWRlts	e91fc92f	fxZxAGoR	4	e91fc92f
fxZxAGoR	e91fc92f	CuROFBIx	4	e91fc92f
CuROFBIx	e91fc92f	tGBaPOym	4	e91fc92f
tGBaPOym	e91fc92f	cWvxIcuR	4	e91fc92f
cWvxIcuR	e91fc92f	xahjMJZf	4	e91fc92f
xahjMJZf	e91fc92f	vrVfEBaQ	4	e91fc92f
vrVfEBaQ	e91fc92f	ugfLUfLS	4	e91fc92f
ugfLUfLS	e91fc92f	WkhNRlUF	4	e91fc92f
WkhNRlUF	e91fc92f	UPTROGcM	4	e91fc92f
UPTROGcM	e91fc92f	vptJuQYG	4	e91fc92f
vptJuQYG	e91fc92f	YTJJFUZv	4	e91fc92f
YTJJFUZv	e91fc92f	qfeUboBK	4	e91fc92f
qfeUboBK	e91fc92f	bAhDSLVz	4	e91fc92f
rixaEzUu	55911f92	IqgmrxTN	4	55911f92
IqgmrxTN	55911f92	IFusEeZZ	4	55911f92
RyhKSatH	a5959174	AgEDfqox	4	a5959174
nUcEGwtI	0aeaf088	cRcnfXKO	4	0aeaf088
cRcnfXKO	0aeaf088	lqtdbAwO	4	0aeaf088
lqtdbAwO	0aeaf088	OrkNSCjk	4	0aeaf088
vVYlMPko	2949750d	FbkNCMBE	4	2949750d
AchwjNVG	5d396810	uouKyuet	4	5d396810
GhSVwTLj	075d06e8	SJnWYyEF	4	075d06e8
SJnWYyEF	075d06e8	hKNQtCKd	4	075d06e8
hKNQtCKd	075d06e8	gOOVvWGm	4	075d06e8
AjpaQmPo	b12e982e	FpZrnuOX	4	b12e982e
FpZrnuOX	b12e982e	ORsFUVWJ	4	b12e982e
NiqVIPpI	debae59b	JfuZAJPO	4	debae59b
JfuZAJPO	debae59b	WMAVoezb	4	debae59b
pbQOpFrE	394da8cb	lsyMBLGU	4	394da8cb
EOdRxTxO	b95003cd	JKDWKoNm	4	b95003cd
JKDWKoNm	b95003cd	BLjZAWFV	4	b95003cd
jHqnXXjD	1ab24bf0	hpLCURXU	4	1ab24bf0
hpLCURXU	1ab24bf0	ypGIIpSB	4	1ab24bf0
vJHfADow	88b57950	NSrEqDgW	4	88b57950
KhRxqmLC	c9fad723	oQrzLWTy	4	c9fad723
Tmwjksks	1339e61b	FehivEwn	4	1339e61b
yCeBdFgq	70c815ed	yXsBtwyT	4	70c815ed
UaBPywxp	d5a579b2	vmTWSBRT	4	d5a579b2
vmTWSBRT	d5a579b2	YRpthovh	4	d5a579b2
YRpthovh	d5a579b2	FIUVTANs	4	d5a579b2
nDHGnuUJ	0458fce4	NcKXEjiv	4	0458fce4
NcKXEjiv	0458fce4	ekMEvoTy	4	0458fce4
MUawDPMU	76ed511e	MWAUDyLn	4	76ed511e
TZUBbIKy	6780dc1c	iuUukDVZ	4	6780dc1c
ynDafWAW	104b9c00	eeGolxdu	4	104b9c00
eeGolxdu	104b9c00	llJeyVRQ	4	104b9c00
llJeyVRQ	104b9c00	BBVWaeCJ	4	104b9c00
aikoHInX	3344aa84	iiAZBrMa	4	3344aa84
iiAZBrMa	3344aa84	ilpNJQkM	4	3344aa84
ilpNJQkM	3344aa84	ngVnvxYF	4	3344aa84
ngVnvxYF	3344aa84	oMNllaQb	4	3344aa84
gFrRKkID	391d360f	wrHeqgYN	4	391d360f
wrHeqgYN	391d360f	GDBNeKXR	4	391d360f
HUMdeFIv	edc08e66	kvXsnTfp	4	edc08e66
svFBeQcS	1b282e1d	AxlOmtTl	4	1b282e1d
AxlOmtTl	1b282e1d	klBkMiUG	4	1b282e1d
HdRGNSro	319e093d	uHFJBXqN	4	319e093d
uHFJBXqN	319e093d	MyjxIYZX	4	319e093d
MyjxIYZX	319e093d	FgSDVobb	4	319e093d
BRLtjbcM	e117f8d5	kvHjxAbX	4	e117f8d5
kvHjxAbX	e117f8d5	yVzTRrma	4	e117f8d5
TUxYcwsN	ac68a72d	ZjRRnAup	4	ac68a72d
jXLjxNYQ	8c0d5a16	MYYZnFEN	4	8c0d5a16
IlbMDjpG	ec4fe72b	UGNbeuRV	4	ec4fe72b
jBSmQXqR	916e391b	fHeXZbTw	4	916e391b
HPIriHQr	410af7cb	bMIDsmKm	4	410af7cb
qHVXtVjl	59a36553	ItEIsgKi	4	59a36553
ItEIsgKi	59a36553	cSHXCdGv	4	59a36553
ABEUuXnk	a07f91f1	vHqjamCz	4	a07f91f1
vHqjamCz	a07f91f1	pZhjzMei	4	a07f91f1
pZhjzMei	a07f91f1	YiGIMvpZ	4	a07f91f1
YiGIMvpZ	a07f91f1	KIJrKfzd	4	a07f91f1
KIJrKfzd	a07f91f1	ucxAnhaQ	4	a07f91f1
ucxAnhaQ	a07f91f1	qkfJOYkW	4	a07f91f1
qkfJOYkW	a07f91f1	fHXzTeAP	4	a07f91f1
fHXzTeAP	a07f91f1	YfPLWwIq	4	a07f91f1
YfPLWwIq	a07f91f1	tknMqwsx	4	a07f91f1
tknMqwsx	a07f91f1	FWYfCOeD	4	a07f91f1
FTmkFfBh	1647f8b9	yrrUpVNV	4	1647f8b9
yrrUpVNV	1647f8b9	ZsmyFrXs	4	1647f8b9
ZsmyFrXs	1647f8b9	ikjzeYgH	4	1647f8b9
dyxOmDuG	75443370	wudvPNlI	4	75443370
cfGaTACt	43ce0f8f	pRchVltM	4	43ce0f8f
qVvYYiIE	3767860f	POfUPUqM	4	3767860f
POfUPUqM	3767860f	UKlwkuLc	4	3767860f
UKlwkuLc	3767860f	KbypKUrW	4	3767860f
KbypKUrW	3767860f	LqBxyqiP	4	3767860f
LqBxyqiP	3767860f	TPhUBeqd	4	3767860f
TPhUBeqd	3767860f	OvtQEKJZ	4	3767860f
OvtQEKJZ	3767860f	oikGKOcg	4	3767860f
oikGKOcg	3767860f	PjRQOOyP	4	3767860f
PjRQOOyP	3767860f	GuSioJeN	4	3767860f
GuSioJeN	3767860f	QiJjXUFj	4	3767860f
QiJjXUFj	3767860f	JUoDoJnh	4	3767860f
JUoDoJnh	3767860f	PECbcdrE	4	3767860f
PECbcdrE	3767860f	zOeaSKKM	4	3767860f
zOeaSKKM	3767860f	DYscuMtc	4	3767860f
DYscuMtc	3767860f	RLMhiTOm	4	3767860f
RLMhiTOm	3767860f	IplmmTFZ	4	3767860f
IplmmTFZ	3767860f	hOfalthW	4	3767860f
hOfalthW	3767860f	EeDeaUcz	4	3767860f
EeDeaUcz	3767860f	XgRgzBID	4	3767860f
XgRgzBID	3767860f	ylvrFFEV	4	3767860f
ylvrFFEV	3767860f	ZedgXtYC	4	3767860f
ZedgXtYC	3767860f	GrNLMDgd	4	3767860f
GrNLMDgd	3767860f	ZUIjPDlG	4	3767860f
ZUIjPDlG	3767860f	NyUChTEi	4	3767860f
NyUChTEi	3767860f	TkyxsGAr	4	3767860f
TkyxsGAr	3767860f	XhNxfMQV	4	3767860f
XhNxfMQV	3767860f	sebvwIeh	4	3767860f
sebvwIeh	3767860f	pHdLuRlO	4	3767860f
pHdLuRlO	3767860f	hcuHAgSB	4	3767860f
hcuHAgSB	3767860f	GSkqwdqF	4	3767860f
GSkqwdqF	3767860f	mHYmerAU	4	3767860f
mHYmerAU	3767860f	EAszRgGW	4	3767860f
EAszRgGW	3767860f	QpegzmPI	4	3767860f
QpegzmPI	3767860f	WVvccGmg	4	3767860f
WVvccGmg	3767860f	bponBDQH	4	3767860f
bponBDQH	3767860f	vHAMOSxy	4	3767860f
vHAMOSxy	3767860f	DmftaEMk	4	3767860f
DmftaEMk	3767860f	hWqfvHTg	4	3767860f
hWqfvHTg	3767860f	HvNEIjcU	4	3767860f
HvNEIjcU	3767860f	UApYyDpG	4	3767860f
UApYyDpG	3767860f	OVbPFmPg	4	3767860f
OVbPFmPg	3767860f	zUZkbSlb	4	3767860f
zUZkbSlb	3767860f	CTSozyKP	4	3767860f
sMcsSytn	48195c01	ORIcpsRa	4	48195c01
LotCKsht	a3ef4ce7	CqjizbUV	4	a3ef4ce7
qSEdiqXz	fc4f8bf6	iSkVNWsm	4	fc4f8bf6
iSkVNWsm	fc4f8bf6	OYOQAiET	4	fc4f8bf6
OYOQAiET	fc4f8bf6	xsMNLVWT	4	fc4f8bf6
xsMNLVWT	fc4f8bf6	uSHRgPWV	4	fc4f8bf6
uSHRgPWV	fc4f8bf6	RzQBArhC	4	fc4f8bf6
RzQBArhC	fc4f8bf6	BpSLWdTr	4	fc4f8bf6
BpSLWdTr	fc4f8bf6	KkQuBWGW	4	fc4f8bf6
dgpWVdHp	eafef6af	sKocLRZJ	4	eafef6af
HCBvrJZP	5e9f9f65	rdkOxAPU	4	5e9f9f65
rdkOxAPU	5e9f9f65	TTaicUEz	4	5e9f9f65
TTaicUEz	5e9f9f65	gpyaLnqx	4	5e9f9f65
gpyaLnqx	5e9f9f65	pOUjvIHV	4	5e9f9f65
pOUjvIHV	5e9f9f65	QjckNWTs	4	5e9f9f65
QjckNWTs	5e9f9f65	ZymCZSxA	4	5e9f9f65
ZymCZSxA	5e9f9f65	exbFjZNi	4	5e9f9f65
nQCuhcnF	b7e824a1	LelRTMuF	4	b7e824a1
mtAwVpyR	d18187da	xrIhRSAl	4	d18187da
dvdCFRzl	e8398abc	oOFNyKSj	4	e8398abc
oOFNyKSj	e8398abc	iAzrYZOk	4	e8398abc
iAzrYZOk	e8398abc	yWIwcAQo	4	e8398abc
rxOceNtt	5adaa746	cNszxUIw	4	5adaa746
zFgkHuIG	7040b16e	BnhDjjmG	4	7040b16e
BnhDjjmG	7040b16e	HJAgTOIK	4	7040b16e
ygArztUw	94e89633	AKuMXrjY	4	94e89633
QydeqKgL	21f99ca4	cvqKtNCn	4	21f99ca4
cvqKtNCn	21f99ca4	VLTVjHud	4	21f99ca4
VLTVjHud	21f99ca4	MOlSHYKW	4	21f99ca4
NERuPUdf	9e6becdb	aLakJLNL	4	9e6becdb
aLakJLNL	9e6becdb	RUIKrSfX	4	9e6becdb
RUIKrSfX	9e6becdb	DPDEuSRn	4	9e6becdb
JZmaYedi	744b8c4f	pvhlvSNy	4	744b8c4f
wNHAlivi	00168c28	oVjgBoEz	4	00168c28
vFNJmwZh	38841311	nzJgbqQe	4	38841311
nzJgbqQe	38841311	xrpruIxo	4	38841311
DSebfZGy	6132468b	NkUOFARx	4	6132468b
mTHLmCeH	eb0a1cf9	zGyhfIHn	4	eb0a1cf9
VqnVacyD	16d5d306	nRGPYPUB	4	16d5d306
otzyhDGZ	22119bbb	boENSMJd	4	22119bbb
boENSMJd	22119bbb	ZqnSpNeI	4	22119bbb
ZqnSpNeI	22119bbb	IwLvtDgh	4	22119bbb
JLpUvGzn	8390ab8d	jJbpQjoN	4	8390ab8d
LzZgAOzn	b667c46c	BKNmStHd	4	b667c46c
jzcwKLZX	2800d7c8	qmwkdIzf	4	2800d7c8
qmwkdIzf	2800d7c8	XHWfgGCQ	4	2800d7c8
XHWfgGCQ	2800d7c8	mlmywkJP	4	2800d7c8
oAnrQlNQ	45f191c5	HhqyJkFV	4	45f191c5
kWsbcrTI	b41b3e90	MZfBSitt	4	b41b3e90
MZfBSitt	b41b3e90	Sepmgtal	4	b41b3e90
Sepmgtal	b41b3e90	UbjnRGyK	4	b41b3e90
UbjnRGyK	b41b3e90	LeWiBYOB	4	b41b3e90
LeWiBYOB	b41b3e90	dRHiKZbY	4	b41b3e90
JsRoDMMU	eb8a531e	tytWJEeD	4	eb8a531e
tytWJEeD	eb8a531e	rcVISnEj	4	eb8a531e
bYCepfBU	35f31250	ClDDhVWE	4	35f31250
ClDDhVWE	35f31250	CBtFutrc	4	35f31250
FBrQPqVA	4f0c70cb	poLTdKeL	4	4f0c70cb
OpEOHiyL	3ebf9194	TGoDoGoS	4	3ebf9194
TGoDoGoS	3ebf9194	EIkNPdRz	4	3ebf9194
EIkNPdRz	3ebf9194	INYPkHRz	4	3ebf9194
gvFlINoe	f0b873a6	ycetiPlO	4	f0b873a6
VuqCxZZK	4f05309a	zAZWTmOi	4	4f05309a
BZxUPVhT	6e547f0a	dPpCbDMX	4	6e547f0a
dPpCbDMX	6e547f0a	kbgSrugl	4	6e547f0a
ybqhoBdG	2dec7870	CoTzvwUt	4	2dec7870
jvddaieE	be45df75	vqiBMFkT	4	be45df75
IzzPpjUU	d10c010f	KydWpIKS	4	d10c010f
KydWpIKS	d10c010f	iViCZovB	4	d10c010f
uqNJxrSr	931139ce	ALvCtiLA	4	931139ce
XFfFxeIa	33c50779	roXMaIkK	4	33c50779
oyXOhneT	4976770a	mddgynnH	4	4976770a
mddgynnH	4976770a	dFipIZHj	4	4976770a
dFipIZHj	4976770a	bUWgAjEP	4	4976770a
aHNJudRO	2074c554	CYmoNobq	4	2074c554
TvZBXBAt	809d7008	HequhwUN	4	809d7008
xusGLjhE	c2b33a03	exGbwWUT	4	c2b33a03
exGbwWUT	c2b33a03	HDhwnOAT	4	c2b33a03
YKlRbenC	87f7cd99	gIkNElnI	4	87f7cd99
gIkNElnI	87f7cd99	jiRkZwAe	4	87f7cd99
LHQiXLCr	a4cc3451	TlHWeKJM	4	a4cc3451
XCRSMKPP	a3b3faa5	unFnVLAB	4	a3b3faa5
JaEpdytk	897f19e8	XNTBjKfg	4	897f19e8
FIRzvbMv	98f2dfc5	XifdBtai	4	98f2dfc5
nuhBExuX	abc23e77	YtkavqVp	4	abc23e77
YtkavqVp	abc23e77	AcNNgEXv	4	abc23e77
AcNNgEXv	abc23e77	ACaVkLPf	4	abc23e77
pWOwBsXg	68a941e5	cujlFyME	4	68a941e5
oOGuVnFR	c480cb6c	ZNVtJYtp	4	c480cb6c
cQXVZWNh	13960dd8	htlvwhNy	4	13960dd8
MqqecCWh	c8b3a801	PMlbPKvB	4	c8b3a801
PMlbPKvB	c8b3a801	zyRuhPOC	4	c8b3a801
juwmrpur	f8d1cf9d	znYNTPnW	4	f8d1cf9d
znYNTPnW	f8d1cf9d	QDqURIKU	4	f8d1cf9d
TtpJIxXE	4e0f642e	zyLUtjRj	4	4e0f642e
zyLUtjRj	4e0f642e	wziPtiZg	4	4e0f642e
wziPtiZg	4e0f642e	vHxVGLRF	4	4e0f642e
olzciOUd	6b24ee03	ernSvVDi	4	6b24ee03
HuuHBSTf	67c9066b	KVOerybR	4	67c9066b
YpMyHzAZ	dbffa707	rUvffuyj	4	dbffa707
rUvffuyj	dbffa707	bXlhkPJz	4	dbffa707
nAqsVgVQ	49883b2e	KuVmgigU	4	49883b2e
KuVmgigU	49883b2e	MtkMSgLg	4	49883b2e
nkvfCmvk	0a88b8b8	EqpzXJSZ	4	0a88b8b8
edTcuOqj	2540000000	zYvAJTPb	4	2540000000
zYvAJTPb	2540000000	gpmnbgXN	4	2540000000
gpmnbgXN	2540000000	WMtJEMsr	4	2540000000
WMtJEMsr	2540000000	yOcCDmmC	4	2540000000
uPUvocgw	93aab703	kGhpMsYR	4	93aab703
kGhpMsYR	93aab703	AFUhmSwo	4	93aab703
iMPwHZpR	30f39a34	tmPNtDzn	4	30f39a34
cCjbULCR	607213b2	HXONEBNc	4	607213b2
bSzCDjIe	ed42f7b0	RYJSJhMu	4	ed42f7b0
RYJSJhMu	ed42f7b0	RwZdmLPs	4	ed42f7b0
EiSMvBWy	040592a7	amQZzEKt	4	040592a7
lxZGfzEu	0903bfa4	ssTtbeAv	4	0903bfa4
KsxOrHnX	89cedde6	LfDaojHX	4	89cedde6
LfDaojHX	89cedde6	xFgGsbDZ	4	89cedde6
xFgGsbDZ	89cedde6	dyJQAICG	4	89cedde6
xhIVyHuK	5e154a8c	CWoGzqzB	4	5e154a8c
CWoGzqzB	5e154a8c	FDQEARIi	4	5e154a8c
dUXUdNtz	6b3e2324	phmUvofu	4	6b3e2324
jitjzNYA	5bfe6a0c	FRmTTGZQ	4	5bfe6a0c
FRmTTGZQ	5bfe6a0c	lZjOgEBz	4	5bfe6a0c
lZjOgEBz	5bfe6a0c	bqKEETBe	4	5bfe6a0c
wHetJYHF	a3c3d316	ufgXMDjW	4	a3c3d316
BAKROJKM	77feb043	AHCfJodQ	4	77feb043
VtOnRxgr	99744d1b	vFuaGRLr	4	99744d1b
vFuaGRLr	99744d1b	qSWsoLBe	4	99744d1b
GcoNZeZf	25a4d080	YRHtCfoe	4	25a4d080
YRHtCfoe	25a4d080	SaxVFBWa	4	25a4d080
BTTDPnpK	9b871c87	xmNfGJEO	4	9b871c87
xmNfGJEO	9b871c87	WkSHfuUF	4	9b871c87
WkSHfuUF	9b871c87	pGnGsbfs	4	9b871c87
pGnGsbfs	9b871c87	cktMplrf	4	9b871c87
bVltFQTN	74e28d79	LfBoFTfu	4	74e28d79
LfBoFTfu	74e28d79	raFKiecJ	4	74e28d79
GeKeeyKM	b89aabfe	DcUUsFAY	4	b89aabfe
lEYGNLJA	efd2d9e0	dlrjbhFm	4	efd2d9e0
dlrjbhFm	efd2d9e0	RwRHOqWd	4	efd2d9e0
RwRHOqWd	efd2d9e0	FmzgVcfo	4	efd2d9e0
wGVpFRRo	b298da4d	azmieWoN	4	b298da4d
OGJOhxDB	f583ead5	AWkXoCWn	4	f583ead5
AWkXoCWn	f583ead5	ojhDuGKI	4	f583ead5
QjmxSSXi	eefc194c	EAcXFVEP	4	eefc194c
bAscuxuk	8b242ae7	evUyNHbX	4	8b242ae7
evUyNHbX	8b242ae7	fLsWayhB	4	8b242ae7
rYgWyOyj	515182a6	vojgUChL	4	515182a6
vojgUChL	515182a6	gjTFkotw	4	515182a6
viVwHAda	9c1e72d0	XElwBFUH	4	9c1e72d0
LxRVbOVW	9c1e72d0	EyjbHxeV	4	9c1e72d0
zgrMoDas	5529542e	hpriAqLS	4	5529542e
zUYVvZxG	d9ecd205	iyKSbUcN	4	d9ecd205
dmAgTEjf	1c324bca	Nmvktiie	4	1c324bca
EUFpqVAf	1a20b645	FOeHZSVO	4	1a20b645
fIvzmZwg	23caa992	SIIthiBH	4	23caa992
UBHjDzFg	391c67b9	LfvXkUeK	4	391c67b9
xbWlJQUC	e1e80309	EGthBGIY	4	e1e80309
EGthBGIY	e1e80309	DRZZNHCh	4	e1e80309
SdxNFNJb	624df87a	zOwznVcK	4	624df87a
zOwznVcK	624df87a	enpEvGZy	4	624df87a
enpEvGZy	624df87a	vuUSZwIu	4	624df87a
vuUSZwIu	624df87a	uvBzGcTY	4	624df87a
uvBzGcTY	624df87a	LHATFANx	4	624df87a
LHATFANx	624df87a	eIsdbEly	4	624df87a
pYJUqwJS	b2bfbb4a	UAMAxYmk	4	b2bfbb4a
WYrSWAyR	41d13d25	zlnPcSrt	4	41d13d25
QAyFctsf	b21cc07b	DAlYPDHE	4	b21cc07b
Voxlamsq	6654fa0b	AFZjfuPc	4	6654fa0b
AFZjfuPc	6654fa0b	xZcDInQg	4	6654fa0b
xZcDInQg	6654fa0b	SWXKOidA	4	6654fa0b
lWWrUjEr	0a90f72c	MHqqLHkg	4	0a90f72c
MHqqLHkg	0a90f72c	KTsKdWNl	4	0a90f72c
KTsKdWNl	0a90f72c	DhasNHSk	4	0a90f72c
DhasNHSk	0a90f72c	dszaYFDz	4	0a90f72c
dszaYFDz	0a90f72c	IhFwGLgT	4	0a90f72c
uLgSpxjA	b1410cf9	KBdMzYBz	4	b1410cf9
KBdMzYBz	b1410cf9	gIJwSvSP	4	b1410cf9
eCUQWSmx	f8c92fea	XeahnHYn	4	f8c92fea
XeahnHYn	f8c92fea	QnKAUxQs	4	f8c92fea
QnKAUxQs	f8c92fea	rqckQFii	4	f8c92fea
hcjwJXPX	d0cdcc33	gUijonAM	4	d0cdcc33
gUijonAM	d0cdcc33	kvEihwvB	4	d0cdcc33
kvEihwvB	d0cdcc33	chdDPZPb	4	d0cdcc33
chdDPZPb	d0cdcc33	XpCSubTV	4	d0cdcc33
XpCSubTV	d0cdcc33	hPwigdJb	4	d0cdcc33
gHZmNnKT	2148006c	wvQdJSth	4	2148006c
wvQdJSth	2148006c	bNjlWrpj	4	2148006c
bNjlWrpj	2148006c	ZSiLWRlz	4	2148006c
dXueDGHs	abf014ca	vxjPxrrX	4	abf014ca
vxjPxrrX	abf014ca	gBRbRiGD	4	abf014ca
xuFpAkaO	81803072	CjWjsuoT	4	81803072
CjWjsuoT	81803072	teZDgBbV	4	81803072
teZDgBbV	81803072	ElvPVHVo	4	81803072
WiqSgSnd	1ef473f5	fZIPzHiw	4	1ef473f5
RtKZYbxb	fdaa383f	zqhdZTkb	4	fdaa383f
zqhdZTkb	fdaa383f	IkjbuQro	4	fdaa383f
IkjbuQro	fdaa383f	vePWwKwQ	4	fdaa383f
BeZFVCBM	b4f6531e	rEjekAkd	4	b4f6531e
rEjekAkd	b4f6531e	CsUmYUQG	4	b4f6531e
CsUmYUQG	b4f6531e	TsjHWafR	4	b4f6531e
yCGwExjA	033803c0	izrtZEBA	4	033803c0
ryMsjPIn	150d09bc	zsjqZXQB	4	150d09bc
VyHlbylv	32379fbb	eeUvFSNy	4	32379fbb
PgKsCnln	81dd13cb	mNjxDGEG	4	81dd13cb
ERDkDQSU	f3ee8037	MDnFoDKf	4	f3ee8037
MDnFoDKf	f3ee8037	ZFfQlGaa	4	f3ee8037
dgfBADPG	a37c8d3d	recdFaIR	4	a37c8d3d
recdFaIR	a37c8d3d	PtzXWPNp	4	a37c8d3d
PtzXWPNp	a37c8d3d	tdgsBQxb	4	a37c8d3d
HyPdbxXT	c3029ab3	DiDKvxMV	4	c3029ab3
DiDKvxMV	c3029ab3	ptxgLbMw	4	c3029ab3
ptxgLbMw	c3029ab3	BhyFLHSR	4	c3029ab3
BhyFLHSR	c3029ab3	QLWxkxmM	4	c3029ab3
EyoBxYez	ec4e2684	bBgqdnHo	4	ec4e2684
bBgqdnHo	ec4e2684	IfONFUyV	4	ec4e2684
ZluDuBQG	6c30e494	zKAPZBtw	4	6c30e494
zKAPZBtw	6c30e494	BoRYlmuP	4	6c30e494
BoRYlmuP	6c30e494	bBKyOihh	4	6c30e494
FarXnuQc	0af6aedb	KbUYnBkF	4	0af6aedb
wCrrdtov	fd921222	SMTdfpac	4	fd921222
SMTdfpac	fd921222	FJNOAvrT	4	fd921222
PrqJgFOo	1205ae10	rwslHzoI	4	1205ae10
WLdoIsMp	15eb5c44	mrAJBliZ	4	15eb5c44
FeDEPhZc	5c6de694	PCAWVcwJ	4	5c6de694
PCAWVcwJ	5c6de694	YfVmYYxe	4	5c6de694
YfVmYYxe	5c6de694	mAVzLogz	4	5c6de694
DRjWNHge	5812c7c7	cBSTBjCC	4	5812c7c7
cBSTBjCC	5812c7c7	SOhYAGcA	4	5812c7c7
nelOWnwD	707a578c	aJSOjAoA	4	707a578c
aJSOjAoA	707a578c	OxsmWcfl	4	707a578c
OxsmWcfl	707a578c	GWppqXLl	4	707a578c
UGyIGovf	8dc01190	PLhOYvXJ	4	8dc01190
YtqxaFvz	bd1892b3	YBkvBket	4	bd1892b3
YBkvBket	bd1892b3	TDQSJOHY	4	bd1892b3
TDQSJOHY	bd1892b3	IflCPNdX	4	bd1892b3
eIrOplrZ	2d0b6424	iBOeZuJj	4	2d0b6424
xDhsdewP	ee9e7dfb	YrIwJPNF	4	ee9e7dfb
YrIwJPNF	ee9e7dfb	GUNhvmrC	4	ee9e7dfb
DCvmOSto	0660db80	oeciHjSg	4	0660db80
qssolOlc	e1b59269	iBjDDsZE	4	e1b59269
iBjDDsZE	e1b59269	uKJLoOVO	4	e1b59269
napGAsEg	3f7e5259	oFOFYqYK	4	3f7e5259
VuTntRAo	72b077d9	vfBQrNEi	4	72b077d9
vfBQrNEi	72b077d9	wcTeiUTO	4	72b077d9
wcTeiUTO	72b077d9	dKvBFYON	4	72b077d9
YCpmsvVs	4594444e	MdkucrEB	4	4594444e
MdkucrEB	4594444e	diXJSBUl	4	4594444e
RHWPRURF	e7646224	BUslBkJB	4	e7646224
BUslBkJB	e7646224	HYERemoq	4	e7646224
HYERemoq	e7646224	QCxZYmEZ	4	e7646224
QCxZYmEZ	e7646224	ZaECAYeu	4	e7646224
EvVBeWPW	ebda1337	eDAgEEMR	4	ebda1337
eDAgEEMR	ebda1337	xPomZzuj	4	ebda1337
GYCZStxR	5b257160	yaZFmtUE	4	5b257160
OyNpzsBC	caf45d54	aMtUJQLy	4	caf45d54
aMtUJQLy	caf45d54	TpXLdAjW	4	caf45d54
TpXLdAjW	caf45d54	QSePMwha	4	caf45d54
QSePMwha	caf45d54	bVwdrkBi	4	caf45d54
cLmcQKtI	49df255b	pDhaKpxM	4	49df255b
pDhaKpxM	49df255b	RqcbSRby	4	49df255b
RqcbSRby	49df255b	twQpXPoc	4	49df255b
pvbBGLgl	06ba44fc	bLAjFFol	4	06ba44fc
bLAjFFol	06ba44fc	JiXQIWWz	4	06ba44fc
JiXQIWWz	06ba44fc	xOgpwbrp	4	06ba44fc
TWJIdxlf	80e91613	aHtgWXDf	4	80e91613
YBpRAxoy	7fc08669	OmfatAcw	4	7fc08669
OmfatAcw	7fc08669	QlrUYYjo	4	7fc08669
KBDefzBs	4c7e9133	pRaPcNxG	4	4c7e9133
LFFTrcZz	7982d59a	rHJVAodN	4	7982d59a
rQzMqBsA	e72477b1	rJJegAtz	4	e72477b1
rJJegAtz	e72477b1	MBFZlzcw	4	e72477b1
NXhFQdip	b1844aa7	LERyNmJV	4	b1844aa7
GMSXDMaa	26c265fb	wQdwtSRP	4	26c265fb
CqVeBOZP	5be026bb	cbZRGrXY	4	5be026bb
xgnLwtvU	4c4f3849	MFqwBCtS	4	4c4f3849
MFqwBCtS	4c4f3849	PljHoOCw	4	4c4f3849
jHYrNoJU	f49eee8a	AhdWUcgJ	4	f49eee8a
DWnAVVyL	c9665770	RHMXtCif	4	c9665770
RHMXtCif	c9665770	ViboAhJl	4	c9665770
mqxFkOpr	0aea14b4	RfbZKMus	4	0aea14b4
jVRPqaZS	4b9924fc	bGNIhTQA	4	4b9924fc
JaBZxTkj	b74f577c	epARBBvi	4	b74f577c
YOnMbfEd	608b1e9c	NoJAcVvb	4	608b1e9c
NoJAcVvb	608b1e9c	MxecVLmk	4	608b1e9c
AKVKTDHc	42e111c8	XkUThKnR	4	42e111c8
imTtpquz	fa1ef0b0	TVgWNxBN	4	fa1ef0b0
CdKWMzho	9643db2a	qgWZJQwg	4	9643db2a
zqQFRACo	61d1e530	DRLrJkhF	4	61d1e530
HCoALsQn	079a5649	oHKJwSMr	4	079a5649
oHKJwSMr	079a5649	ftWIVNJT	4	079a5649
ftWIVNJT	079a5649	xJxciVif	4	079a5649
SJYMxKux	5b1c0596	CPOcIIJi	4	5b1c0596
CPOcIIJi	5b1c0596	FtkLJyfT	4	5b1c0596
FMysUYyx	e76cfa82	pinkxzCM	4	e76cfa82
pinkxzCM	e76cfa82	KIQCIpcu	4	e76cfa82
KIQCIpcu	e76cfa82	XBXDKiyr	4	e76cfa82
OvTOJYUG	618f2f35	OkSZfCak	4	618f2f35
OkSZfCak	618f2f35	pJLEpKqk	4	618f2f35
AgEilDeE	27334896	nPTQXaPv	4	27334896
nPTQXaPv	27334896	hkTWoCdF	4	27334896
hkTWoCdF	27334896	gUyJjHkH	4	27334896
gUyJjHkH	27334896	bemnkjoK	4	27334896
bemnkjoK	27334896	ZEsjWekA	4	27334896
WvoeulRz	6f33f413	jeICYIPR	4	6f33f413
jeICYIPR	6f33f413	BunTbvKN	4	6f33f413
RsZVNQxi	1901bd34	KpFodFvC	4	1901bd34
VgAjlYHh	3b432a45	NfsAUXrW	4	3b432a45
UeNnIger	432faf7c	SfIiPXCM	4	432faf7c
xMBNayFn	18ce73a3	QtKoGbPB	4	18ce73a3
QtKoGbPB	18ce73a3	DzNcqZLF	4	18ce73a3
DzNcqZLF	18ce73a3	qfgRiNAP	4	18ce73a3
EHZjzGvc	40535382	duNyygVo	4	40535382
duNyygVo	40535382	JNELOKxu	4	40535382
JNELOKxu	40535382	sEkKCwUj	4	40535382
sEkKCwUj	40535382	wFWoKKQx	4	40535382
sCTeMRbp	ba70ca55	VrojfGtm	4	ba70ca55
VrojfGtm	ba70ca55	ImBSZWUI	4	ba70ca55
uSbbQOmd	24d5b73c	DVwUVmAl	4	24d5b73c
DVwUVmAl	24d5b73c	KARBylYD	4	24d5b73c
KARBylYD	24d5b73c	zFhhmQiJ	4	24d5b73c
DsUbJXDC	e97ad955	eTjyQNNC	4	e97ad955
NNBozsfF	ed7b5d04	FtIvvcMv	4	ed7b5d04
RwSSVLzf	db838972	TNhwLkSt	4	db838972
SNqtHILz	22d17377	PGXxNllR	4	22d17377
WtJSgVxz	fdc7d2fc	sLmUVZdg	4	fdc7d2fc
quiUbasN	1833249b	qSpvMlAn	4	1833249b
qSpvMlAn	1833249b	ORutWqNe	4	1833249b
DfHMZczf	5c513b47	KIEkFbiK	4	5c513b47
KIEkFbiK	5c513b47	ZNMqfYHF	4	5c513b47
ZNMqfYHF	5c513b47	GxHMNwat	4	5c513b47
GxHMNwat	5c513b47	NRvyDkXO	4	5c513b47
NRvyDkXO	5c513b47	nCZqlcFl	4	5c513b47
vMSyLtuU	72980d32	tolypgQi	4	72980d32
gjRwZZtZ	2f31a720	XBeZobPG	4	2f31a720
XBeZobPG	2f31a720	BaZJumWa	4	2f31a720
BaZJumWa	2f31a720	gOqiKpge	4	2f31a720
SgpMriRM	fc9791e5	HUSKojWR	4	fc9791e5
caqlwERl	87b85d41	QsTVuKLP	4	87b85d41
QsTVuKLP	87b85d41	CyduLChs	4	87b85d41
ppFlwCpR	e22df07b	brvdkgWr	4	e22df07b
brvdkgWr	e22df07b	zlEBYwXQ	4	e22df07b
OxqWAyWI	2ebfa6a1	UOhLppbv	4	2ebfa6a1
gmnVdzhs	cfdebbd2	XtHZfcqt	4	cfdebbd2
LeuwUylJ	1b4d708f	TqecNkGh	4	1b4d708f
mbIOabeW	83401768	TCvKsHvu	4	83401768
kCvlddYP	83576c88	bDIkrhVU	4	83576c88
bDIkrhVU	83576c88	qjjjTXYp	4	83576c88
qjjjTXYp	83576c88	CrakYTix	4	83576c88
CrakYTix	83576c88	OPiqJXDw	4	83576c88
OPiqJXDw	83576c88	hzSVeGkU	4	83576c88
FWJWMZGv	41656c78	STrGcawo	4	41656c78
YSKLdeyh	19fa3b9e	wEqEsOBo	4	19fa3b9e
wEqEsOBo	19fa3b9e	prdnbbpk	4	19fa3b9e
prdnbbpk	19fa3b9e	RYIzYHfk	4	19fa3b9e
yMkHUDFZ	d1dd3000	MllDAhcp	4	d1dd3000
MllDAhcp	d1dd3000	nxaqWfMS	4	d1dd3000
IjVbvwSn	c0114693	hAjGKZmF	4	c0114693
eYzzOlKI	62b4c44a	lEcKytkO	4	62b4c44a
lEcKytkO	62b4c44a	jchMyiHw	4	62b4c44a
ExcqakqF	7591f035	nAFVJpvO	4	7591f035
nAFVJpvO	7591f035	cwCQbCvy	4	7591f035
cwCQbCvy	7591f035	uMELZpGx	4	7591f035
hWEETbtG	8a03349a	PHFgdIAL	4	8a03349a
PHFgdIAL	8a03349a	cpwdapWG	4	8a03349a
quyiIQNv	5aba1cce	KsmpMbRr	4	5aba1cce
tkStqkHF	58e17c37	CQKwzfUN	4	58e17c37
cOjsCNtn	d8d42b9b	ywVxPOPN	4	d8d42b9b
ywVxPOPN	d8d42b9b	nFJZqOLU	4	d8d42b9b
nFJZqOLU	d8d42b9b	uPhUAUAE	4	d8d42b9b
RRpFObFc	ef714643	gFpDRtxR	4	ef714643
gFpDRtxR	ef714643	pMBLKzcB	4	ef714643
TyaEfMiA	f5803390	RprqyITo	4	f5803390
RprqyITo	f5803390	DcWjdXZf	4	f5803390
KojoaTvs	eb495ac9	vtrteFuJ	4	eb495ac9
vtrteFuJ	eb495ac9	sHWkLXUm	4	eb495ac9
sHWkLXUm	eb495ac9	DLqXXHAc	4	eb495ac9
upfppcVn	0bf00346	xGtdbfCH	4	0bf00346
wZdLItYA	3c62642d	vDlffIMg	4	3c62642d
vDlffIMg	3c62642d	vRFWPXzT	4	3c62642d
DOzwdFkY	cf4e5cc8	arifEWVq	4	cf4e5cc8
ptxSrskT	2aebd1c6	lMjkYaUK	4	2aebd1c6
BSMtQQsT	a4d66679	BTVGVWSr	4	a4d66679
MtaTrorQ	f75ecbe5	aiNEKXcu	4	f75ecbe5
aiNEKXcu	f75ecbe5	OQkLVxMC	4	f75ecbe5
OQkLVxMC	f75ecbe5	FwoMaoWB	4	f75ecbe5
CogKGyWh	d89ca622	PEKmZFOM	4	d89ca622
PEKmZFOM	d89ca622	ogNqLqJV	4	d89ca622
ogNqLqJV	d89ca622	QXxenhMR	4	d89ca622
biCSJbul	fe41693a	bKdXpQVY	4	fe41693a
bKdXpQVY	fe41693a	amsQPFmo	4	fe41693a
amsQPFmo	fe41693a	rRtXFOvj	4	fe41693a
KsFFAskz	d7cc0a09	qfUCnoNg	4	d7cc0a09
jlFmZXxY	9af5155f	zFrczkON	4	9af5155f
IWbdmqVg	adb036f1	ahdUEjZY	4	adb036f1
boRDVySa	fdad99ae	fzfjZJcu	4	fdad99ae
YhWWNASW	4c858c44	wJTYKqJQ	4	4c858c44
wXcgqPQf	5dc86d71	RqfuazIK	4	5dc86d71
RqfuazIK	5dc86d71	mCXCfDTj	4	5dc86d71
qroibtaL	345ba0e5	imjpQvCR	4	345ba0e5
rxnbGnkk	b7f59afc	xtgjBwlT	4	b7f59afc
kgqMxPcS	dfc5cb78	kcPEmagr	4	dfc5cb78
kcPEmagr	dfc5cb78	aeCRRWkl	4	dfc5cb78
tOSWOJXf	f6b597b7	sLVyeYiS	4	f6b597b7
XntcPXAL	26acfda2	MvVXeRRu	4	26acfda2
fZNXXTXW	7825b111	UhbguMdz	4	7825b111
GjWgPhVE	2636da86	OtuVJbmz	4	2636da86
OtuVJbmz	2636da86	hOvKOGDI	4	2636da86
lpgQxMJT	b057360b	wKEQuhoq	4	b057360b
lxIbQqkg	1b0dc671	yByXntNj	4	1b0dc671
OVQmwsxv	b33007be	MhZarWBe	4	b33007be
MhZarWBe	b33007be	RjqvhrTY	4	b33007be
RjqvhrTY	b33007be	EuNkMuJY	4	b33007be
IZpmwLAJ	2d40c681	nipwlJOq	4	2d40c681
QjycFGrO	ca4cc318	hpSMWEQm	4	ca4cc318
hpSMWEQm	ca4cc318	McAfLEca	4	ca4cc318
eeAuWBpf	d87ec3ef	KKzxaMae	4	d87ec3ef
KKzxaMae	d87ec3ef	sNEENEGJ	4	d87ec3ef
sNEENEGJ	d87ec3ef	DRsoOlgI	4	d87ec3ef
zNGlewaZ	4ca4897d	GNxVnFzU	4	4ca4897d
GNxVnFzU	4ca4897d	wDSnIJwZ	4	4ca4897d
ZdGnWhOg	65e14177	SvHuiwkf	4	65e14177
SvHuiwkf	65e14177	yGcObjcP	4	65e14177
yGcObjcP	65e14177	AKYwoCCl	4	65e14177
AKYwoCCl	65e14177	rcclNhEP	4	65e14177
WdMoxXOR	f73a2219	lYGNvohb	4	f73a2219
lYGNvohb	f73a2219	lzuQrRAU	4	f73a2219
lzuQrRAU	f73a2219	VErUqPbz	4	f73a2219
SDnQelFI	21978b7e	xYYxDjEQ	4	21978b7e
udOsItgi	bb89121e	UcHrAaQp	4	bb89121e
UcHrAaQp	bb89121e	iZriUsef	4	bb89121e
enUqsjzg	56aa7ce3	egisUsqS	4	56aa7ce3
lxkvWosn	eba5b63b	zlcgjfjU	4	eba5b63b
zlcgjfjU	eba5b63b	UrarocNK	4	eba5b63b
gJDumiyG	16ed9c8d	SJkNEgZe	4	16ed9c8d
rqsWbIFU	9b652953	wvVSvgIN	4	9b652953
ABQjDyTd	a9c09550	VlfQxIxN	4	a9c09550
VlfQxIxN	a9c09550	qTejinZb	4	a9c09550
qTejinZb	a9c09550	WYhWieNv	4	a9c09550
WYhWieNv	a9c09550	PpneHgsf	4	a9c09550
PpneHgsf	a9c09550	YaRtaqJa	4	a9c09550
PplVjUDZ	eb2b8abb	EHeNYtIt	4	eb2b8abb
jcDiGonX	617245c9	iotPjcYA	4	617245c9
iotPjcYA	617245c9	yOmrgEau	4	617245c9
isDncpdu	22035d55	ogZdbkEI	4	22035d55
ogZdbkEI	22035d55	DYNfTvge	4	22035d55
kBBKeKih	6113c166	tUnCnyAt	4	6113c166
xYRUzjNi	c33e7508	GunKZouI	4	c33e7508
GunKZouI	c33e7508	DytBGpCW	4	c33e7508
QLIOotUN	40e0b392	gIrxRbQp	4	40e0b392
hZGTOqgA	ab0544fd	ddhkXjtn	4	ab0544fd
IWgJxlOd	5c1b0ab7	VPftJBLz	4	5c1b0ab7
RMoTmlRA	5c1b0ab7	sNATTAvg	4	5c1b0ab7
sTWDjADa	3b6b7230	DWhwwrzU	4	3b6b7230
hNhvRbye	44765b2f	orhiFcWS	4	44765b2f
EjAuXBOo	34d6e21b	gRqaImGR	4	34d6e21b
gRqaImGR	34d6e21b	IsLdAHFR	4	34d6e21b
VtxKAKHP	1d092655	ADbiAZze	4	1d092655
VaufTqkX	a3143d3f	SKpdRfVj	4	a3143d3f
yUVLtMiq	872b7e75	HXhlsvhU	4	872b7e75
HXhlsvhU	872b7e75	GbLozWwA	4	872b7e75
GbLozWwA	872b7e75	bDeRcTpW	4	872b7e75
bzAunvOb	5bf1a21d	IGqVezFZ	4	5bf1a21d
IGqVezFZ	5bf1a21d	uJmmcCSe	4	5bf1a21d
ClqVyQYy	194ddd4b	QgExwxFd	4	194ddd4b
QgExwxFd	194ddd4b	oNLyhhhF	4	194ddd4b
heanXjZj	cfde2073	AkpHEdEa	4	cfde2073
iNRYutET	5d981bae	oWqdcUUT	4	5d981bae
YbedoMSp	c0f8c094	JAXzqDur	4	c0f8c094
lDRZJljp	0152a987	tCGaQvSv	4	0152a987
eSEjXMlG	e50e7cb1	gCmLHKcy	4	e50e7cb1
BgzXdzMK	403fae3d	RTqOsAPg	4	403fae3d
lNvEKGrm	dbc70583	RZwhAgix	4	dbc70583
RZwhAgix	dbc70583	uYUQnYZJ	4	dbc70583
uYUQnYZJ	dbc70583	PeGsQSkI	4	dbc70583
qjWOFjUe	09888f41	QpZGFDpw	4	09888f41
xSnulsAP	c52f7d3f	aUlKGGQc	4	c52f7d3f
aUlKGGQc	c52f7d3f	gVdHrKXm	4	c52f7d3f
gVdHrKXm	c52f7d3f	fLfcDLCJ	4	c52f7d3f
ZRszbhFC	2ec1e586	TotSplHD	4	2ec1e586
XLQAbEgi	3b6593a4	rPEydPBH	4	3b6593a4
rPEydPBH	3b6593a4	BoSPIJkg	4	3b6593a4
adfdvsxO	4a2d30cf	SUsZEtQP	4	4a2d30cf
EPERcNOQ	19a999ff	dbAZptOh	4	19a999ff
zrunAaCa	17eb43c4	PcizFxtU	4	17eb43c4
BdcNxorY	d5f2d12b	wRECVvvA	4	d5f2d12b
rYokvBIh	7a2edd19	bcsTBOge	4	7a2edd19
bcsTBOge	7a2edd19	sxkywoYw	4	7a2edd19
sxkywoYw	7a2edd19	nPncIfdh	4	7a2edd19
tREyCmuP	259b7c5e	oTOLRIqx	4	259b7c5e
oTOLRIqx	259b7c5e	ssYHNRRM	4	259b7c5e
iQWOIvJU	488201d7	BtRnUgBO	4	488201d7
BgBFxxfF	b29efe3b	OPCyeZjc	4	b29efe3b
OPCyeZjc	b29efe3b	ZerCpSMY	4	b29efe3b
kuJTnuGN	e409573e	tABOEydz	4	e409573e
wlKagZyc	ceb986da	KrmCvIPo	4	ceb986da
WjWQSWKD	2e1aab54	bppZIcJs	4	2e1aab54
AAMuxFYR	7ce5633f	ImTSPcWc	4	7ce5633f
ImTSPcWc	7ce5633f	oDnwtKjg	4	7ce5633f
ZerTaDBI	0f8a4514	PZdkEsdX	4	0f8a4514
yltXzQVg	7b78f937	GqvFKqEF	4	7b78f937
VmPHUraI	c33218a8	irmbNCGQ	4	c33218a8
irmbNCGQ	c33218a8	reYjhnSH	4	c33218a8
YYDqhYPc	eba8ec1a	KlfJtSCH	4	eba8ec1a
KlfJtSCH	eba8ec1a	jbCbnuuu	4	eba8ec1a
PUyIlAzt	a661e1eb	wDbCTIdm	4	a661e1eb
wDbCTIdm	a661e1eb	SwOSkAKN	4	a661e1eb
SwOSkAKN	a661e1eb	fMUOlUMM	4	a661e1eb
rBPXponi	36aa8ded	kDulHILP	4	36aa8ded
kDulHILP	36aa8ded	RkTEvATf	4	36aa8ded
kkYcMoku	546f9999	dnVPDtaZ	4	546f9999
XgAXrrjr	596a7bf9	ZDKrKvfE	4	596a7bf9
RLdOLqyj	aca411fd	cMvqvmMw	4	aca411fd
dLkHChNR	423d4adc	fciQIEax	4	423d4adc
slWDblaz	22a778f1	GZtlLjYm	4	22a778f1
ddjKqogu	fffdaa1f	BpdZDZyT	4	fffdaa1f
osICIJZr	d5d05f10	CFGZboEJ	4	d5d05f10
CFGZboEJ	d5d05f10	TxvOcMZR	4	d5d05f10
DpCgSMSt	c2a7fd07	KqPdUONx	4	c2a7fd07
YqeNDYTa	bb6f4f6d	SMuFYzeL	4	bb6f4f6d
glMqkfiF	6c853412	gorioYdn	4	6c853412
gorioYdn	6c853412	oyvchuXA	4	6c853412
PmVpajyR	bbbc776a	ZhlzFLCA	4	bbbc776a
ZhlzFLCA	bbbc776a	kHVlFlRB	4	bbbc776a
tKDxjRaK	6addfa60	cHQptPwM	4	6addfa60
cHQptPwM	6addfa60	MXUBcDsh	4	6addfa60
MXUBcDsh	6addfa60	UsDOInGI	4	6addfa60
uCuaTSlv	4503e8a0	qEHCnoPe	4	4503e8a0
qLxOJWze	c240e869	QPPiTmjO	4	c240e869
nJspHfQa	a335926f	SGoRVuvN	4	a335926f
SGoRVuvN	a335926f	zEiFFRFT	4	a335926f
YqLtOJGN	880d9006	cHukOdBG	4	880d9006
cHukOdBG	880d9006	jWkjkOmP	4	880d9006
jWkjkOmP	880d9006	gzbuTNcl	4	880d9006
AGyNjphD	b0661e2b	zYIpLFpe	4	b0661e2b
zYIpLFpe	b0661e2b	vHnOtfWB	4	b0661e2b
vHnOtfWB	b0661e2b	aPJNxSzm	4	b0661e2b
PTyEFGWG	64b00639	ltSILRbV	4	64b00639
IrrnCJVN	0434b926	vioUCFzo	4	0434b926
xQKsCywy	1f80b43c	noIJGZZP	4	1f80b43c
noIJGZZP	1f80b43c	bDDRCSih	4	1f80b43c
kyGczXEB	3f658d70	YXDeBPAp	4	3f658d70
UzXEVRoM	25986203	IXgwbQAy	4	25986203
IXgwbQAy	25986203	JqYfSgVd	4	25986203
SPJkCYCM	08f5d855	DIjkBZrd	4	08f5d855
NCYRMcca	14c55d70	cllWXcFT	4	14c55d70
iQRtsnsC	a66e98bc	uwrjQglj	4	a66e98bc
uwrjQglj	a66e98bc	LSvpaYKc	4	a66e98bc
SJUkzdbd	d5a7e80e	eOOpOIUH	4	d5a7e80e
gitfRGuT	91120386	RfNaLFcy	4	91120386
RfNaLFcy	91120386	qWvMnkAy	4	91120386
qWvMnkAy	91120386	MHYlNvLc	4	91120386
ezFryNrH	7d41bb8f	PXBsNFJb	4	7d41bb8f
AoObtptc	cdaa6fff	CIyXenOy	4	cdaa6fff
cAgOgKMu	cfab4842	XDvWWivo	4	cfab4842
DJVoyLIS	d7b6d6d6	egGbvzGH	4	d7b6d6d6
CNNXhTLT	7cad951c	ogJkgjCX	4	7cad951c
ogJkgjCX	7cad951c	ivkaeHAJ	4	7cad951c
ivkaeHAJ	7cad951c	HsklrVay	4	7cad951c
fQXQCnIl	a875ed9a	rDeFvqlb	4	a875ed9a
BMGwxrLx	c0b78623	RVbmFwSJ	4	c0b78623
RVbmFwSJ	c0b78623	mamXRBdT	4	c0b78623
mamXRBdT	c0b78623	DWUsPwzf	4	c0b78623
NjIloSnd	047d8614	oRkEludW	4	047d8614
PFGhRQAX	d44bc2ad	KhFvHXpr	4	d44bc2ad
KhFvHXpr	d44bc2ad	nODSICZR	4	d44bc2ad
MyUcOOca	62224a5d	VPCZxMLW	4	62224a5d
txSsnIbg	cdf90c7c	NyoFpBuc	4	cdf90c7c
ARsLJuzi	d136d2c0	QjVKkWuA	4	d136d2c0
vJbYUvrR	a6814d28	NHzhTWcZ	4	a6814d28
NHzhTWcZ	a6814d28	vLKjewFD	4	a6814d28
MtgcqbDh	69546a9f	UEsyjCEb	4	69546a9f
UEsyjCEb	69546a9f	LMZPAwnu	4	69546a9f
LMZPAwnu	69546a9f	TtyPVnda	4	69546a9f
RqbRHysu	b06956e0	vLIyXVOk	4	b06956e0
vLIyXVOk	b06956e0	kahjtzzo	4	b06956e0
kahjtzzo	b06956e0	rYojsDgD	4	b06956e0
YuImrLdG	397b5208	qvLMFnxK	4	397b5208
qvLMFnxK	397b5208	HKbVDrbo	4	397b5208
IGaFDANV	02bcb572	VOLgmhoM	4	02bcb572
fVcGpgpn	036cb6a7	fmpvrylp	4	036cb6a7
gTselNjx	9f132c23	HgIrcdLl	4	9f132c23
PDHkXDDy	0c76fe06	GDgKwHUB	4	0c76fe06
GDgKwHUB	0c76fe06	AtZxZpmz	4	0c76fe06
qNYdTIEK	3bb06532	mYUNxTWt	4	3bb06532
lsdVwdhr	c7db5969	BmuSIuAZ	4	c7db5969
BmuSIuAZ	c7db5969	nyHKUkQK	4	c7db5969
nyHKUkQK	c7db5969	rjMNnxuE	4	c7db5969
SsQDWNWw	4c4b65c1	fsMNRWpC	4	4c4b65c1
fsMNRWpC	4c4b65c1	nsJKEAIR	4	4c4b65c1
dSpYhYoX	d06b29f0	YnkwSplM	4	d06b29f0
YnkwSplM	d06b29f0	TYVllvJZ	4	d06b29f0
TYVllvJZ	d06b29f0	alYVwxbi	4	d06b29f0
UgYEpoFL	49e0dbef	CwvjgnYt	4	49e0dbef
lpAwfNaE	f5c6c711	OKmFrmXT	4	f5c6c711
OKmFrmXT	f5c6c711	iZJtaNmw	4	f5c6c711
pVZcUwJo	e7b03651	uiCazmKX	4	e7b03651
uiCazmKX	e7b03651	fjynfUxd	4	e7b03651
BelcEExU	58d8f948	wziMmQvh	4	58d8f948
wziMmQvh	58d8f948	KOELxAlg	4	58d8f948
KOELxAlg	58d8f948	eTUIyFYd	4	58d8f948
SaKTNuBU	57087f2b	XNchitvS	4	57087f2b
CIPOChfi	574b033c	CEOcpWUe	4	574b033c
zRqdSauv	e32bf91f	raMNmawH	4	e32bf91f
WxgWYcdb	2ab751be	PeuZlvgb	4	2ab751be
nbNGTlhD	abe6cf16	HudGweHj	4	abe6cf16
HudGweHj	abe6cf16	DxYAUnVA	4	abe6cf16
ksDgYCdr	b911f4ca	euIEsFHn	4	b911f4ca
euIEsFHn	b911f4ca	fkdhGeIq	4	b911f4ca
IrjbqxKC	b4af6e21	OfGroUBG	4	b4af6e21
eFGlgwYP	1564dcbf	AqFtRaRZ	4	1564dcbf
AqFtRaRZ	1564dcbf	QNIKyldI	4	1564dcbf
QNIKyldI	1564dcbf	RmUUFGGq	4	1564dcbf
qcLFpsRG	c2c7f372	QTGGEXdN	4	c2c7f372
ZshQvJRi	e7106745	dgINwYWu	4	e7106745
iCiwHtTd	4e78e87e	ayBSHOcE	4	4e78e87e
jvwqASoa	25587cda	wAbCWSrK	4	25587cda
wAbCWSrK	25587cda	pvTRAVcd	4	25587cda
QCuIgDew	2fa17c76	mJPpDvRy	4	2fa17c76
zNautlJE	cc14cf95	DbVDDkyT	4	cc14cf95
DbVDDkyT	cc14cf95	GsqYVeOY	4	cc14cf95
HFgjFaQC	009a68a6	xEYOratp	4	009a68a6
hnMenRRZ	7db3b099	ewULqFEj	4	7db3b099
ewULqFEj	7db3b099	eTuxndXb	4	7db3b099
eTuxndXb	7db3b099	JYOkZtnV	4	7db3b099
AAFJoNda	31be2a43	gwPFjfwj	4	31be2a43
gwPFjfwj	31be2a43	hGBbVznQ	4	31be2a43
hYaBWwpI	08a6c99e	BAecBRiI	4	08a6c99e
OelQIxyD	566afcba	mQmqAiOG	4	566afcba
mQmqAiOG	566afcba	dPtPpspn	4	566afcba
WCjlOzkv	69d8ec54	fkcXmNWL	4	69d8ec54
fkcXmNWL	69d8ec54	VtzMNMzB	4	69d8ec54
VtzMNMzB	69d8ec54	HynFZdAE	4	69d8ec54
lQLMmOZk	a82dd1f2	IObfZgqH	4	a82dd1f2
IObfZgqH	a82dd1f2	tYbUxXWl	4	a82dd1f2
kTeTkNEP	d2fe3eae	OAfraNIv	4	d2fe3eae
OAfraNIv	d2fe3eae	RlIBYgMy	4	d2fe3eae
RlIBYgMy	d2fe3eae	TWzWVKbu	4	d2fe3eae
TWzWVKbu	d2fe3eae	vUENXbHO	4	d2fe3eae
GWisnVMk	03138a27	xhjqwGEN	4	03138a27
gUmwOCeJ	62f0937d	FoVguPBY	4	62f0937d
GVgoJMcA	c8de4884	NyFJRvVE	4	c8de4884
ZxxJgxHW	45e96eda	tfqpUOmN	4	45e96eda
tfqpUOmN	45e96eda	AiTHUbOm	4	45e96eda
AiTHUbOm	45e96eda	pWpvZmHt	4	45e96eda
jqTvqTSV	25b95716	TwmHHIkb	4	25b95716
mxttdtpm	e5a6cd34	nRGJdSsK	4	e5a6cd34
nRGJdSsK	e5a6cd34	EQMgjmVB	4	e5a6cd34
EQMgjmVB	e5a6cd34	XeGnFUfO	4	e5a6cd34
ZZDfWOXa	836f748e	fygwTokv	4	836f748e
fygwTokv	836f748e	xhhyRnoO	4	836f748e
ztNTmNUJ	200a1f2e	GtuVQxcX	4	200a1f2e
GtuVQxcX	200a1f2e	pXWVupnm	4	200a1f2e
GUpegUgx	7682495f	KeDtNUlu	4	7682495f
vcHxaulR	ea59a2f6	PHACWlSI	4	ea59a2f6
JXZOezeA	4995bc6a	dQfHebmG	4	4995bc6a
dQfHebmG	4995bc6a	EOlUvVQm	4	4995bc6a
EOlUvVQm	4995bc6a	xFHAtgKJ	4	4995bc6a
WmAEBnvV	af2b8324	OBaHkBaz	4	af2b8324
OBaHkBaz	af2b8324	FmEEXSCP	4	af2b8324
FmEEXSCP	af2b8324	qwQdyleH	4	af2b8324
vpsYOJgB	b42c6019	VyufowZZ	4	b42c6019
KhipSMkA	933778d8	tbyfUxYc	4	933778d8
tbyfUxYc	933778d8	UEmHrPzH	4	933778d8
CxdMMXMo	1ea16f74	MLxTQrON	4	1ea16f74
MLxTQrON	1ea16f74	QpVOhxGA	4	1ea16f74
vYlTLYqT	978dde20	LgWfyzOO	4	978dde20
XMYXaQrV	83106359	zhlfQncS	4	83106359
zhlfQncS	83106359	AmMpULAd	4	83106359
fqEpzBds	7c856971	EmXYCAZb	4	7c856971
RXHkJNpr	53d22b9a	TExRwZzB	4	53d22b9a
TExRwZzB	53d22b9a	RCobeLfT	4	53d22b9a
RCobeLfT	53d22b9a	glfOYNEw	4	53d22b9a
qaqGjbSH	c7318611	muUbqoMU	4	c7318611
fqJtPoOU	45d242c5	lMfGCdmn	4	45d242c5
wzMHDmOl	3bb44e6e	FstjqzQw	4	3bb44e6e
FstjqzQw	3bb44e6e	SdoSenxQ	4	3bb44e6e
RJXWIoip	94ae8eaf	XgTugxfb	4	94ae8eaf
XgTugxfb	94ae8eaf	RAZRLvZD	4	94ae8eaf
dwHWcbFa	733a2b23	tezaiXjF	4	733a2b23
tezaiXjF	733a2b23	aAMmSLNG	4	733a2b23
aAMmSLNG	733a2b23	xSuzhbPE	4	733a2b23
DTZAAXgy	33ef403d	atfAolsf	4	33ef403d
AhRVXqSs	9d3d346f	YyZTftdz	4	9d3d346f
KonBpGCa	38d75d81	alKtAcWO	4	38d75d81
frUpBguP	c8487117	WNSacdgx	4	c8487117
YXgPjwTY	f6105a87	AmJqYwgz	4	f6105a87
AmJqYwgz	f6105a87	JfWJUQZk	4	f6105a87
GKWziOku	37f2a274	eoTgLrrR	4	37f2a274
eoTgLrrR	37f2a274	cWtcbtcD	4	37f2a274
geDOuIWn	6ec50864	goiIKxTU	4	6ec50864
goiIKxTU	6ec50864	gxSVSFYY	4	6ec50864
XdhlFTzW	dd34c084	kkJgFkBc	4	dd34c084
ZRXmaTje	8fe0fd6c	dUpYtJPU	4	8fe0fd6c
kHyRhFfJ	ad84c6b6	WYIcIRDw	4	ad84c6b6
RadwIdOe	3a4a346e	cvNArCez	4	3a4a346e
cvNArCez	3a4a346e	dlHQksTO	4	3a4a346e
dlHQksTO	3a4a346e	oLlPOuwX	4	3a4a346e
oLlPOuwX	3a4a346e	PDGnpjAm	4	3a4a346e
pRYNzWlj	6df2ec59	ZylfnCun	4	6df2ec59
ZylfnCun	6df2ec59	KfJSEChH	4	6df2ec59
vnsNXoez	8a6fe47e	tErVDFme	4	8a6fe47e
tErVDFme	8a6fe47e	vFdAopaY	4	8a6fe47e
bCfmGTHP	2674becc	qskaSCCO	4	2674becc
UcAJubyp	3334bab5	ZIoHwiBX	4	3334bab5
LLqSwQGK	9e6366e0	HIuPACeM	4	9e6366e0
HIuPACeM	9e6366e0	heQWVbWJ	4	9e6366e0
heQWVbWJ	9e6366e0	gGFDLbBc	4	9e6366e0
DycmcjNO	b00a8a07	nQpkxFqD	4	b00a8a07
nQpkxFqD	b00a8a07	AeTKACts	4	b00a8a07
TQdEoVqT	75cd5661	lwDMkRFw	4	75cd5661
XfOytnHi	75cd5661	qjDBwXrZ	4	75cd5661
tMeTmAwt	ff14bc2d	TknULODv	4	ff14bc2d
TknULODv	ff14bc2d	EcjdeNsQ	4	ff14bc2d
ENLZwppi	ad1f7985	LODxhgDZ	4	ad1f7985
LODxhgDZ	ad1f7985	WAMIRXix	4	ad1f7985
WAMIRXix	ad1f7985	VSRxeljU	4	ad1f7985
SGtDhMRO	f02e2a44	yvjQHeYx	4	f02e2a44
yvjQHeYx	f02e2a44	IAEMeWfn	4	f02e2a44
IAEMeWfn	f02e2a44	CqRDuIst	4	f02e2a44
TPTlFjMo	114c5697	tcOprlts	4	114c5697
tcOprlts	114c5697	fFQifsEB	4	114c5697
mRTiEJVL	ae3cd4f0	yXxBCaFn	4	ae3cd4f0
yXxBCaFn	ae3cd4f0	IIsDRqXx	4	ae3cd4f0
IIsDRqXx	ae3cd4f0	xAfJxhuZ	4	ae3cd4f0
wpEUJXZH	b85bb396	VLpUevUT	4	b85bb396
VLpUevUT	b85bb396	TJCNPJdT	4	b85bb396
TJCNPJdT	b85bb396	JyKDwPTO	4	b85bb396
bLFFHGga	5f4ead8d	opbjiZyV	4	5f4ead8d
opbjiZyV	5f4ead8d	fOfgzERj	4	5f4ead8d
kdXFiIZI	8c978097	CsWVzkPg	4	8c978097
rtMmZadh	ec5bef23	paKDvmnC	4	ec5bef23
paKDvmnC	ec5bef23	fMCpkcIo	4	ec5bef23
fMCpkcIo	ec5bef23	YiPtqoyJ	4	ec5bef23
DjmFCGtr	ce85b990	BgQEhORU	4	ce85b990
tBFcFllp	7d135221	rBYxffNh	4	7d135221
WjbpuWRv	7f51045d	qwFJUuIr	4	7f51045d
qwFJUuIr	7f51045d	tHLhkYWJ	4	7f51045d
tHLhkYWJ	7f51045d	HBgEYQdb	4	7f51045d
gEwuvljc	eca95c3c	BsoVlGXA	4	eca95c3c
YAyFEQGz	9d3df56d	ZwOPSlmk	4	9d3df56d
ZwOPSlmk	9d3df56d	DLifMvFI	4	9d3df56d
VMSHONIB	12880b5b	tvEGoZJi	4	12880b5b
qedkDaTW	031d0fd8	FOXkBxpv	4	031d0fd8
FOXkBxpv	031d0fd8	CpkUUzLd	4	031d0fd8
CpkUUzLd	031d0fd8	xFMBHWvV	4	031d0fd8
chpsDsxw	daa5f39a	MFOkNiLA	4	daa5f39a
MFOkNiLA	daa5f39a	NkZqLkkR	4	daa5f39a
CMZFKLKB	bfdd3f93	UZTkmQyM	4	bfdd3f93
UZTkmQyM	bfdd3f93	LksHDcSy	4	bfdd3f93
ydgosCuJ	144aeb1d	lTVYMhwy	4	144aeb1d
EoahRPoQ	1d2df4ce	mPFAwFGl	4	1d2df4ce
ZGhovNas	01f68ef7	akrirfLP	4	01f68ef7
TWmACTib	c17c973e	eBlSduCr	4	c17c973e
qqvlvoLB	ceaefd41	tJKKlYcQ	4	ceaefd41
IiuwXCiJ	53d5e5d2	UogAvGEL	4	53d5e5d2
UogAvGEL	53d5e5d2	kndvHcSu	4	53d5e5d2
jumRgnEh	c9ca22d1	zDcCFgAk	4	c9ca22d1
AqFQEysZ	c8f3f158	qlWELJZT	4	c8f3f158
qlWELJZT	c8f3f158	QdptaFdd	4	c8f3f158
PAyoguPp	39e4dab8	XKINDqQJ	4	39e4dab8
XKINDqQJ	39e4dab8	CMUitokC	4	39e4dab8
dpQEYNfA	2935e6b5	cfPOnrGt	4	2935e6b5
cfPOnrGt	2935e6b5	UirfILFt	4	2935e6b5
qfjTTMOX	59f05479	juxvvSdG	4	59f05479
gsKlHTRa	42d25c9d	udrYdRTT	4	42d25c9d
WvwfcDVy	d818829a	vRfMePeR	4	d818829a
BaMnhcit	2dc29233	mZEIhGVd	4	2dc29233
mqqergLK	5c37d041	hwGwhIER	4	5c37d041
GdwshdrJ	6fdeaf6f	mOmisVNQ	4	6fdeaf6f
iBjYFhkn	aa13d5c0	LkypTVah	4	aa13d5c0
xLoESsVF	2a7318bc	qVVjSnGG	4	2a7318bc
qVVjSnGG	2a7318bc	XlnLpVFL	4	2a7318bc
XlnLpVFL	2a7318bc	XfMvjRug	4	2a7318bc
XfMvjRug	2a7318bc	nNpCSsdd	4	2a7318bc
DvnHbIbA	71bf7d6f	hOThVnWe	4	71bf7d6f
hOThVnWe	71bf7d6f	hGDgecfi	4	71bf7d6f
sYigPbvy	2effb84e	lwOGqfcl	4	2effb84e
lwOGqfcl	2effb84e	tfwOmRyY	4	2effb84e
tfwOmRyY	2effb84e	YoDxbwnt	4	2effb84e
YoDxbwnt	2effb84e	eueVEWgB	4	2effb84e
FUqkMsxT	39d8f94b	qDHeZinc	4	39d8f94b
bbWajABI	79362916	UDLhupJk	4	79362916
UDLhupJk	79362916	ysbokkjP	4	79362916
oYRHuSPF	6682a246	deKXDhpX	4	6682a246
cjBSHeBn	6735bb98	QSTpquzK	4	6735bb98
QSTpquzK	6735bb98	qZujsmKE	4	6735bb98
iEwSCndk	97a64548	QmyoYyLL	4	97a64548
QmyoYyLL	97a64548	cLoHtZSR	4	97a64548
cLoHtZSR	97a64548	OcvOmntr	4	97a64548
bTxhqggz	43a84736	UgPZsnsa	4	43a84736
YaYEbBdo	b5076297	YVuDXrKB	4	b5076297
appqwidP	9b715c5f	wvPcauQM	4	9b715c5f
SavZCUhr	d8e6a381	ePvVkstb	4	d8e6a381
ePvVkstb	d8e6a381	XJeWUCqr	4	d8e6a381
XJeWUCqr	d8e6a381	PndoqByT	4	d8e6a381
PndoqByT	d8e6a381	NXOFdGtn	4	d8e6a381
npLYXDgC	b8e6f4c1	QJLkNAlg	4	b8e6f4c1
QJLkNAlg	b8e6f4c1	YAtHOsAt	4	b8e6f4c1
LsKgtlMd	d5ed8478	gWNNUrHc	4	d5ed8478
FquurWwS	769199ae	UGwQIurT	4	769199ae
ONLmycNu	b0b91fa1	ieHzYJcw	4	b0b91fa1
OvumSBWx	3a3adeaf	NdWbWyRn	4	3a3adeaf
NdWbWyRn	3a3adeaf	AKjPsERT	4	3a3adeaf
JXvdakVA	2842deb2	OWNMdNJv	4	2842deb2
GKHjgpIX	670440d6	dususZdK	4	670440d6
DJVHGWhX	9a2c8b95	VMSdfgyj	4	9a2c8b95
ZmMTkLJb	8cec3177	uIuJOCIt	4	8cec3177
WlyWxUzH	c0826461	TigkLVGh	4	c0826461
TigkLVGh	c0826461	QeKqCBYe	4	c0826461
QmHcaSkT	de9293a3	hZAoEzCm	4	de9293a3
hZAoEzCm	de9293a3	oGaBssoo	4	de9293a3
GTmpNaxF	5b8c69d3	RiGxaSTj	4	5b8c69d3
RiGxaSTj	5b8c69d3	hsmewSMB	4	5b8c69d3
gzFfYKzA	4ec9f228	BqowVtMl	4	4ec9f228
RDxHZPPW	099d6679	URirfPZO	4	099d6679
nuVhiNlN	6e9dec4f	KwhKociF	4	6e9dec4f
KwhKociF	6e9dec4f	jCQKSXRl	4	6e9dec4f
jCQKSXRl	6e9dec4f	mHWKcHIB	4	6e9dec4f
tyFcDfCh	37b3fd34	yOpJxUSH	4	37b3fd34
yOpJxUSH	37b3fd34	CCKSPdDs	4	37b3fd34
sSdFCCUE	ac17eeb0	KriqcdBY	4	ac17eeb0
KriqcdBY	ac17eeb0	HDNIQkNP	4	ac17eeb0
bbwfiUOZ	dfdf7b63	OpulFtUs	4	dfdf7b63
OpulFtUs	dfdf7b63	NNXjCaWV	4	dfdf7b63
NNXjCaWV	dfdf7b63	pUfjMjlq	4	dfdf7b63
ZyhYnzya	60676bdd	CViaFMip	4	60676bdd
IHpvqiww	87c14a3e	wWrugYxF	4	87c14a3e
wWrugYxF	87c14a3e	eENSURgG	4	87c14a3e
TMLvaTVt	9faaafa8	VJFQDAXb	4	9faaafa8
VJFQDAXb	9faaafa8	VdeDNpkQ	4	9faaafa8
VdeDNpkQ	9faaafa8	dByoWwHX	4	9faaafa8
KpvsBFXx	9d27dd09	pUZuPohC	4	9d27dd09
OvdRRVwz	b9b5ff84	QAvDsJWc	4	b9b5ff84
QAvDsJWc	b9b5ff84	hqnQKYIj	4	b9b5ff84
hqnQKYIj	b9b5ff84	gLonyfbB	4	b9b5ff84
qaiwaszK	9ba5a025	ySagxTqw	4	9ba5a025
zJonRXdB	46238eaa	fSmkDRkl	4	46238eaa
QIRMWiMR	342ebd4b	UtbIIFgJ	4	342ebd4b
NkcAWpCN	59ca52df	uBIdLaMf	4	59ca52df
NYbGyggL	b04d9cd7	MQGdpyAE	4	b04d9cd7
ZtmpubLz	2f5f7ad1	TFUHfnts	4	2f5f7ad1
OlsujzBY	20b7b77f	dXLIpPIu	4	20b7b77f
dXLIpPIu	20b7b77f	UUoyxHfD	4	20b7b77f
ZTFuBrNm	5a3a5448	Uocdeovi	4	5a3a5448
VjMQyiMf	b117e51e	KDumWLUL	4	b117e51e
KDumWLUL	b117e51e	zChRJNif	4	b117e51e
VoDHmHwK	5f325ef6	IjnGnrSa	4	5f325ef6
IjnGnrSa	5f325ef6	ZAkiGayJ	4	5f325ef6
ZAkiGayJ	5f325ef6	ukspfgHm	4	5f325ef6
qmaUSlix	f52e584e	rxYwMjfq	4	f52e584e
plsqDhQY	32d2da5c	pxhiZnYc	4	32d2da5c
lsvqozQz	f1a30660	GYyQMOqu	4	f1a30660
cTTAfRDE	f1a30660	GWJecuHz	4	f1a30660
evkzXwtH	38775638	nXASBJRl	4	38775638
sCxvrSAU	4cc280c8	EuPufqvt	4	4cc280c8
EuPufqvt	4cc280c8	oQSkEaLO	4	4cc280c8
oQSkEaLO	4cc280c8	dZHmtXah	4	4cc280c8
CqZdqZGr	cc4e5f1f	NFGpAkZy	4	cc4e5f1f
NFGpAkZy	cc4e5f1f	NYDMpHfs	4	cc4e5f1f
NYDMpHfs	cc4e5f1f	ICWuhEFm	4	cc4e5f1f
UikLOBxv	257d1b47	mgrtzdBq	4	257d1b47
mgrtzdBq	257d1b47	GMAoOymf	4	257d1b47
GMAoOymf	257d1b47	zNyTzNKT	4	257d1b47
bDrKCXcb	85fe965a	MGZjKjBY	4	85fe965a
MGZjKjBY	85fe965a	eInwHAHj	4	85fe965a
wWiJLgCn	b84b5ac8	cuVoDyKK	4	b84b5ac8
QuUgqNwG	183e300e	DXRdULzw	4	183e300e
fgZBZFNs	e4bf5577	oAoDUWrE	4	e4bf5577
FuOFAEpd	cbf55049	MYnArvAG	4	cbf55049
efsMmWLU	a89f4db6	IiYdhYHz	4	a89f4db6
IiYdhYHz	a89f4db6	WtzrSXHl	4	a89f4db6
NqsFTeEr	9e84710e	JdUhPoqR	4	9e84710e
wZYiUFtt	cbcd89ba	NWRxRmDX	4	cbcd89ba
NWRxRmDX	cbcd89ba	gIbXtaHO	4	cbcd89ba
sJXhnsWT	b58755d3	hgMKfmOn	4	b58755d3
hgMKfmOn	b58755d3	WoQbzXcJ	4	b58755d3
WoQbzXcJ	b58755d3	alepHsio	4	b58755d3
nTnbYWzE	533a42a4	QiGFQYZt	4	533a42a4
QiGFQYZt	533a42a4	vGqYEpId	4	533a42a4
FxWkSmCH	7d6a29dc	RyBSNYBt	4	7d6a29dc
RyBSNYBt	7d6a29dc	KveLkRjy	4	7d6a29dc
hFfEYmoN	31c83f0e	nwHZHqCf	4	31c83f0e
nwHZHqCf	31c83f0e	rDslFsHt	4	31c83f0e
rDslFsHt	31c83f0e	NSmhqBRV	4	31c83f0e
ZQrnkFcq	67490650	KnAsIPLb	4	67490650
KnAsIPLb	67490650	lyEXlSoC	4	67490650
zmlvTczQ	186f10a7	mgbGUewx	4	186f10a7
weRTYBcc	50d7758f	wszetDnK	4	50d7758f
wszetDnK	50d7758f	FiSKFeqe	4	50d7758f
jmSzZOIJ	9383d211	bcrOrYTd	4	9383d211
cfxXpLtl	62a5697e	tLpWdIdh	4	62a5697e
PyClsDkv	54ae0678	DGaCROJH	4	54ae0678
ufcNCzDC	1b9243cd	WkYcsdqc	4	1b9243cd
FKgksWTS	a08edeb2	SnMMGWZB	4	a08edeb2
sfAyOItg	8df2520f	CDOrybPp	4	8df2520f
ECZiGRTF	38d02900	WuddMREy	4	38d02900
WuddMREy	38d02900	XOqzgLLS	4	38d02900
PxsDeeZA	fdbc8a7a	qdySroGr	4	fdbc8a7a
qdySroGr	fdbc8a7a	rRxrPyXT	4	fdbc8a7a
rRxrPyXT	fdbc8a7a	OBskcGup	4	fdbc8a7a
MSVECmSM	2a7bf7ab	hdmHvdmd	4	2a7bf7ab
hdmHvdmd	2a7bf7ab	LQQThzjC	4	2a7bf7ab
MOOWhQte	a42468c6	pgSQsAHT	4	a42468c6
pgSQsAHT	a42468c6	fZPpKitx	4	a42468c6
iiVEqdEk	033c8aaa	OEjhJqtY	4	033c8aaa
OEjhJqtY	033c8aaa	VFSbBPeM	4	033c8aaa
VFSbBPeM	033c8aaa	yKZnXcCH	4	033c8aaa
PwQoDKIz	242ec362	crIhzwGz	4	242ec362
crIhzwGz	242ec362	YDmKSolY	4	242ec362
zFzrvFbB	273d0aad	TMKHrGfE	4	273d0aad
TMKHrGfE	273d0aad	JIHvrmMk	4	273d0aad
EEabpFks	c1996c0d	wLkYYTTS	4	c1996c0d
DtDIIOxn	2c304078	jaBvhISW	4	2c304078
jaBvhISW	2c304078	eEOfKZLj	4	2c304078
eEOfKZLj	2c304078	MmyLEvlH	4	2c304078
WnzEjEtC	cbc958a4	TfXLQSbd	4	cbc958a4
CPahVtES	72d10020	GoOSeTfi	4	72d10020
TOhvkSiW	546b1836	jjNYbuie	4	546b1836
mvazGpdA	b1f01d67	bwoSAQYh	4	b1f01d67
bwoSAQYh	b1f01d67	QDFSJmkp	4	b1f01d67
QDFSJmkp	b1f01d67	CXTfRvWn	4	b1f01d67
bhjmqyFM	bdffd77b	qbrqUWvV	4	bdffd77b
qbrqUWvV	bdffd77b	UcxIghBJ	4	bdffd77b
UcxIghBJ	bdffd77b	MhlYmqMI	4	bdffd77b
WhZpWFvg	2d9bd5fa	IXdMlZNf	4	2d9bd5fa
QvLssgbi	ed229ea7	RXOWFOBM	4	ed229ea7
RXOWFOBM	ed229ea7	zAMdOAYE	4	ed229ea7
BEKsnJRt	c33422cd	CMoLLjtI	4	c33422cd
CMoLLjtI	c33422cd	LLeKcdPF	4	c33422cd
SPlIVLrY	e5635dd6	SRdvnGUx	4	e5635dd6
SRdvnGUx	e5635dd6	KMBeUPCl	4	e5635dd6
KMBeUPCl	e5635dd6	hkXMkIuF	4	e5635dd6
owpCilej	1fca21b8	nnxkMMVr	4	1fca21b8
nnxkMMVr	1fca21b8	hvrArZOo	4	1fca21b8
hvrArZOo	1fca21b8	noLNEbBE	4	1fca21b8
dnlxJdTN	fd664b4d	EAOPBRck	4	fd664b4d
ssxkSNow	dbaa6435	cqkeeKOS	4	dbaa6435
EKDFYHsg	90a458ad	EyeOlcst	4	90a458ad
EyeOlcst	90a458ad	AIeQMfhg	4	90a458ad
AIeQMfhg	90a458ad	eEsmZgXT	4	90a458ad
CcAJvOXi	ff238a12	MYHoUVZp	4	ff238a12
gTrjnIFL	64959485	jexXWSxz	4	64959485
InvwnBIr	5fbcd004	uKEUvFSP	4	5fbcd004
uKEUvFSP	5fbcd004	AJrPfGiB	4	5fbcd004
pKtaAQcj	fd374270	vZCgavsn	4	fd374270
vZCgavsn	fd374270	hnkgRNXn	4	fd374270
fJTiZNwb	95eabf2c	ZgtXMTtv	4	95eabf2c
ZgtXMTtv	95eabf2c	ZPEYSQlV	4	95eabf2c
hZCAsaHI	4472184c	ByJIsBpn	4	4472184c
ByJIsBpn	4472184c	tfXLoRTE	4	4472184c
GKihAIEr	90ecfbfc	WCvuHKue	4	90ecfbfc
IuNXAPEb	3d69ce5a	NKSkwmka	4	3d69ce5a
NKSkwmka	3d69ce5a	ThwlBIfB	4	3d69ce5a
aDMwkSKn	5c500d28	tEPBRlWK	4	5c500d28
CPMYvpIn	89589d01	IVGGGKsx	4	89589d01
VyDzSPeZ	4fe6aa80	SFLbbari	4	4fe6aa80
EXrqpUsl	5cb516c2	AhOFhxjQ	4	5cb516c2
hfGlqeUy	7eab61de	ktdJcvWq	4	7eab61de
ktdJcvWq	7eab61de	zrsKXqEG	4	7eab61de
lLkVNKSN	0be16f8c	UINUTBWS	4	0be16f8c
LpNNCcoY	120ff272	nzDMcaCj	4	120ff272
xbVEfKMA	120ff272	FxMmheBo	4	120ff272
vMuIUUhn	d206beb6	PgYWcxlJ	4	d206beb6
hKtXBrZf	f637bd1f	CeZssyKX	4	f637bd1f
CeZssyKX	f637bd1f	fYKIiVKW	4	f637bd1f
fYKIiVKW	f637bd1f	VvVCvoba	4	f637bd1f
VvVCvoba	f637bd1f	gCznOlTL	4	f637bd1f
gCznOlTL	f637bd1f	AYynmkDC	4	f637bd1f
AYynmkDC	f637bd1f	AnKMujaE	4	f637bd1f
CWmZcDSh	b298e2e7	DVhGSvLr	4	b298e2e7
DVhGSvLr	b298e2e7	pnrRSTvm	4	b298e2e7
wgmReVrw	ea27cc82	kPJjiZBK	4	ea27cc82
kPJjiZBK	ea27cc82	nSGsXsAa	4	ea27cc82
RjZSWpyA	983c3507	mZDqGDQH	4	983c3507
mZDqGDQH	983c3507	QtgWJsci	4	983c3507
QtgWJsci	983c3507	PSdtzPyU	4	983c3507
LuQmPPtn	86b6e3fc	YHQRwqXs	4	86b6e3fc
YHQRwqXs	86b6e3fc	uwMwfFUQ	4	86b6e3fc
OmGJhpwD	5a2ec593	LnrVsDcm	4	5a2ec593
LnrVsDcm	5a2ec593	IRwRLHWv	4	5a2ec593
yieUcmtk	959c798e	Xjbhkpim	4	959c798e
Xjbhkpim	959c798e	ZcNArgKU	4	959c798e
qnEaWAPi	9fea5dfa	PGQHKKiD	4	9fea5dfa
PGQHKKiD	9fea5dfa	VfgYvITv	4	9fea5dfa
JYCImlRY	10d079f8	HGltfbSJ	4	10d079f8
HGltfbSJ	10d079f8	HmKfbNYp	4	10d079f8
YItnLBlm	d6ec8ee0	qLwEJnrT	4	d6ec8ee0
qLwEJnrT	d6ec8ee0	lGpopyCN	4	d6ec8ee0
KfDkZeYN	0531ad10	FXEqBdDU	4	0531ad10
FXEqBdDU	0531ad10	CGfQBpUa	4	0531ad10
cLqARVEa	d4c43e58	RSxhwrVH	4	d4c43e58
RSxhwrVH	d4c43e58	AOfApBuM	4	d4c43e58
uLnlvtNr	c91a2127	AyueDGoS	4	c91a2127
AyueDGoS	c91a2127	wukXYfsl	4	c91a2127
wukXYfsl	c91a2127	fXXNvxeu	4	c91a2127
fXXNvxeu	c91a2127	IxIksXZR	4	c91a2127
kKuzwnwS	fa459b15	EtkkrSox	4	fa459b15
EtkkrSox	fa459b15	jtQhtkOY	4	fa459b15
OSljfCDk	cc9a12e2	BSNQJVJM	4	cc9a12e2
BSNQJVJM	cc9a12e2	USKVBtar	4	cc9a12e2
uNxgQoRx	f96a2faa	gOfRPqqj	4	f96a2faa
JlOXuYcr	194027b0	BuPXcmFX	4	194027b0
BuPXcmFX	194027b0	LAhYamXy	4	194027b0
LAhYamXy	194027b0	zmLSIioP	4	194027b0
kXVUFWql	72ecdf34	TVChMSUk	4	72ecdf34
TVChMSUk	72ecdf34	KISoeJzr	4	72ecdf34
KISoeJzr	72ecdf34	bUaxvARq	4	72ecdf34
RUThpAra	f2e0392e	frlUURPv	4	f2e0392e
frlUURPv	f2e0392e	eGsyrDkP	4	f2e0392e
uiuPlsiT	32d43c75	mgSZWZMf	4	32d43c75
mgSZWZMf	32d43c75	MKKsnQuW	4	32d43c75
pgwCGwwz	01ffd0d3	YdwMseop	4	01ffd0d3
YdwMseop	01ffd0d3	zNzccHXO	4	01ffd0d3
hmcBIUrP	df7f650a	ylOXMEXV	4	df7f650a
ylOXMEXV	df7f650a	feGmtrRZ	4	df7f650a
tcsVlzQA	77d58e4f	LvUdEVKl	4	77d58e4f
jPFZlJqQ	987a4262	UAFqrZkJ	4	987a4262
dcLlwXdR	a839061f	avkXqSkW	4	a839061f
avkXqSkW	a839061f	fZKePHFm	4	a839061f
ochDhwsp	07ac031a	LylRHHrd	4	07ac031a
fgJUrdAo	20d61523	DdxVcPay	4	20d61523
knaPFtRS	925eb871	vjuibOXB	4	925eb871
dSQxsGUy	05639b5c	yodHdDlG	4	05639b5c
yodHdDlG	05639b5c	yZcDrDRl	4	05639b5c
EPIKDkaM	24bc4be2	ZdTgbzOk	4	24bc4be2
ZdTgbzOk	24bc4be2	hxOdoNuf	4	24bc4be2
hxOdoNuf	24bc4be2	CoHiaxOq	4	24bc4be2
CoHiaxOq	24bc4be2	ahurURbh	4	24bc4be2
IEgljbXP	20ca1b98	MbOUeTLv	4	20ca1b98
PMzZgwOW	05f624eb	swfGJOoP	4	05f624eb
swfGJOoP	05f624eb	ojeSHitQ	4	05f624eb
tpZrpTKN	ed3a2306	PwRwteXN	4	ed3a2306
aIgeIcSc	8e82aa8f	iWoRLNgb	4	8e82aa8f
qyypzjxe	147c770e	QrGmUnYI	4	147c770e
XKRjiyPM	01cd5858	bhDWSKcD	4	01cd5858
pucsGEwv	79d85a00	ErswWrUI	4	79d85a00
GgxaDpqo	bf1b9c71	ZjkzzfWK	4	bf1b9c71
hVQIUxcB	4dcb8c4c	qxeFUwGT	4	4dcb8c4c
wLSgxPyJ	5ed3fd39	YVErvsdf	4	5ed3fd39
pzKZaSva	3082a15a	SlwEsRrW	4	3082a15a
haWelXlh	3689e7fd	wTjjhJMh	4	3689e7fd
BCGdbeEm	8edb1cff	OWTqYiKS	4	8edb1cff
vGlNMszl	eb540c43	qeuhFSAu	4	eb540c43
qeuhFSAu	eb540c43	jIgezjzi	4	eb540c43
jIgezjzi	eb540c43	yTRVlpGx	4	eb540c43
BqzFflkO	f53fa96c	pQRCXQQm	4	f53fa96c
pQRCXQQm	f53fa96c	wJhfcQjz	4	f53fa96c
QPwFZDsN	daa9d96c	XrqsSUEq	4	daa9d96c
GihoaBzo	002461cb	hMRQqFpM	4	002461cb
mtIFjcDP	d31df855	TJBlfwDD	4	d31df855
fyKBDdxd	a04ebc54	hnXbMysh	4	a04ebc54
oLRJykXW	f8e080e2	LsXKlsCx	4	f8e080e2
LsXKlsCx	f8e080e2	TSXMEkAT	4	f8e080e2
PZmvQKfK	22481f51	YnkiVxVF	4	22481f51
YnkiVxVF	22481f51	WtBfpELN	4	22481f51
WtBfpELN	22481f51	hAoTgYUK	4	22481f51
zijHtRip	0902fb60	vBUGSaTO	4	0902fb60
WagZZEHY	6a7ac493	sHftWkjo	4	6a7ac493
aqOeOMma	434bb7d2	uLSdwNjA	4	434bb7d2
uLSdwNjA	434bb7d2	lwYQoTSL	4	434bb7d2
CMhtphcA	ba4e5aa6	AnXvwFTI	4	ba4e5aa6
aqEhvoyA	e5997708	IynNMBZO	4	e5997708
lhsEYyqU	bc326530	tJjzeGyv	4	bc326530
JBBYHLUF	ec8cbfed	QHybBmzZ	4	ec8cbfed
gTcXvhDo	6c47cb49	atAlmNzu	4	6c47cb49
GVFQiMGf	d31ea136	VdiwjycH	4	d31ea136
ygAudQmF	6020243c	CNfOjirh	4	6020243c
EzODQMKU	8286dd96	VmHPJHfV	4	8286dd96
VmHPJHfV	8286dd96	vFVocmNG	4	8286dd96
ZJAoxDWV	68d01dce	blWQXjad	4	68d01dce
blWQXjad	68d01dce	wZasdwwl	4	68d01dce
OkCcvGDe	505641f1	oooNpIGy	4	505641f1
lKxhJMWF	ada75dcf	RWaXWeWH	4	ada75dcf
RWaXWeWH	ada75dcf	sWTaYQLV	4	ada75dcf
sWTaYQLV	ada75dcf	AlUJKHjW	4	ada75dcf
NGsWbuUM	8423c72b	XLoMJoWy	4	8423c72b
XLoMJoWy	8423c72b	gDycuJVV	4	8423c72b
gDycuJVV	8423c72b	GoceUuJM	4	8423c72b
TjxduWVb	567f66f6	DcGyjIkm	4	567f66f6
ldsvNTXg	1eb35f52	yuFGKlCw	4	1eb35f52
MghKpBZB	31604973	zamviLer	4	31604973
zamviLer	31604973	sEHGfotp	4	31604973
RqGfkdws	387078a9	YvtmqULN	4	387078a9
PRtYSzAd	740c7bbd	UljrJEbm	4	740c7bbd
UljrJEbm	740c7bbd	KMBTvGjq	4	740c7bbd
KMBTvGjq	740c7bbd	UKBMYVzm	4	740c7bbd
XRNwuDxf	9064c203	VRAqSQgY	4	9064c203
VRAqSQgY	9064c203	NQWJXQHZ	4	9064c203
zhYQcAav	09ea4873	OfXDCYAc	4	09ea4873
lMJVhDZu	2171f799	KUsjfVtd	4	2171f799
KUsjfVtd	2171f799	wNZfSzdX	4	2171f799
wNZfSzdX	2171f799	qJRbrjOh	4	2171f799
WwkdXWZF	49faa8c9	NiprvTwM	4	49faa8c9
hOuwrBqh	c8a2c24e	qYHGVAQs	4	c8a2c24e
ZnchgBmq	b8810702	lwmOLMiT	4	b8810702
pugWLmvk	6713801a	EUjiLvHI	4	6713801a
dckRkmkf	8d145b7b	uhDbeYVf	4	8d145b7b
rnBgadyY	0930d5d6	mIuUDTvu	4	0930d5d6
BOcSKITn	c88945ac	eKNSeuuU	4	c88945ac
eKNSeuuU	c88945ac	nNAEhWNX	4	c88945ac
nROAakxN	d49fb59f	CJlRTyMd	4	d49fb59f
CJlRTyMd	d49fb59f	iojoqYfF	4	d49fb59f
FDIrbanN	6f73afb2	rPttJYaV	4	6f73afb2
zgvIgrNb	1d9453f2	aGZHJfMo	4	1d9453f2
aGZHJfMo	1d9453f2	EBuZfDBE	4	1d9453f2
ozRcyrwc	c4ca5e36	GNWzmKHI	4	c4ca5e36
tuvSDibK	66d50ea7	FfcoNekR	4	66d50ea7
OwdUYobB	bde23892	WkGqOpIm	4	bde23892
nSbWnpOF	da330ee9	AwwfIxOc	4	da330ee9
AwwfIxOc	da330ee9	ZPbmIeDG	4	da330ee9
cHjuJRvx	7a49ae77	XJMiEahl	4	7a49ae77
MKYDzzSe	6d7cd11e	WPTIKxpS	4	6d7cd11e
aCsFEJzv	a2615f07	fwOeGvnJ	4	a2615f07
YfjALqgp	673f9c49	iPGaNHjM	4	673f9c49
iPGaNHjM	673f9c49	TsxsdXZN	4	673f9c49
xhhZtTCE	b4d2f9d1	hNFeaMDf	4	b4d2f9d1
hNFeaMDf	b4d2f9d1	zVEbPaKv	4	b4d2f9d1
zVEbPaKv	b4d2f9d1	rraJuwwi	4	b4d2f9d1
OSjvOFSD	c58baa79	IFHveZwc	4	c58baa79
HBQyQgJm	07821cf7	GXEljgPP	4	07821cf7
QjSfgAbc	63a3660f	FoGuKrSj	4	63a3660f
wvUWjTLH	061b4053	STaTALVH	4	061b4053
STaTALVH	061b4053	HSlrQEfX	4	061b4053
tweDLEYo	0f5f57ff	SGfkpjzo	4	0f5f57ff
HiXjzRas	b21936be	HEycdbOV	4	b21936be
HEycdbOV	b21936be	XirbNuUT	4	b21936be
XirbNuUT	b21936be	VAWWbOSB	4	b21936be
VAWWbOSB	b21936be	hzfyStLN	4	b21936be
SEAEjmhS	f186c7bc	QSSfYwJq	4	f186c7bc
HfwihLYP	bc427f3e	BsbNysJJ	4	bc427f3e
YmtGiYgN	0c900d74	EqqIhSlM	4	0c900d74
EqqIhSlM	0c900d74	GgsgjwMP	4	0c900d74
GgsgjwMP	0c900d74	sAlxhMyf	4	0c900d74
eCReUGQK	8b06dc97	MguVigzK	4	8b06dc97
MguVigzK	8b06dc97	snJKGeoy	4	8b06dc97
snJKGeoy	8b06dc97	WqgjJJfz	4	8b06dc97
UPrJrxzM	5400c759	CrkTwOHl	4	5400c759
CrkTwOHl	5400c759	PaFURTNX	4	5400c759
PaFURTNX	5400c759	iCahcIdw	4	5400c759
gJZjmCYO	526a60fa	vjhxGNEe	4	526a60fa
PPtqqjxm	1f2fb057	oODcadXy	4	1f2fb057
EnbkBYOC	d9c61645	MoiTGzhb	4	d9c61645
SXTWldXL	8612af89	VXQzFTEw	4	8612af89
bkqPWvDk	d97653bb	eZaGybDM	4	d97653bb
eZaGybDM	d97653bb	upWVGlHm	4	d97653bb
yhzPvGrU	137756f3	zYNhOPrY	4	137756f3
HyqQDIme	e3feaa9d	QiZMeern	4	e3feaa9d
XQwgKIGF	983c99c2	gCXKshUm	4	983c99c2
rEOwmfFP	258cf385	FQCZpaqZ	4	258cf385
KFHQHbGY	888440c9	HBxTMSZD	4	888440c9
mFvhqhxO	0206f90d	NLueuryF	4	0206f90d
RtWDnjub	47b6e155	ocIHAPYX	4	47b6e155
sUxUBafS	1ea96082	LGAKHEYx	4	1ea96082
zUjQoeQb	6f43e461	LxdPZsiz	4	6f43e461
GjVtbMvQ	f1bf0dfc	bTNiTPXd	4	f1bf0dfc
gsBEmQPC	676c2d84	bkYAnnho	4	676c2d84
bkYAnnho	676c2d84	aRnllQtw	4	676c2d84
tKEfZtPe	1fa73f30	LSdUwsfD	4	1fa73f30
uAkCJYJR	2386c9ea	FllpxppI	4	2386c9ea
MiIhulPV	a627f34a	NvZsgckW	4	a627f34a
cWcJtAeE	8f294286	PmRdFBZA	4	8f294286
bsTGgpeU	14a42b1f	SmpigsQT	4	14a42b1f
SmpigsQT	14a42b1f	kySJQQAv	4	14a42b1f
DKmvLywd	8f4bed9a	IGIPXstW	4	8f4bed9a
UveXIvBn	e44013ed	DoMzgfnY	4	e44013ed
tYgFFEtB	c171d7f2	yRdzscQy	4	c171d7f2
PZlvLtoQ	858c5b7e	bEuasPGb	4	858c5b7e
OAWeibNq	5dbd3441	ZoTtvUEp	4	5dbd3441
ZDFuloIp	7965e13e	duxNSBOQ	4	7965e13e
PvOtJhSi	86ff1281	hwbYHdUV	4	86ff1281
